,flow_rate,voltage,image_classification,manual_classification,xgb_spray_mode,rf_spray_mode
0,1.0,3001.15,dripping,,dripping (100%),dripping (83%)
1,1.0,3201.18,dripping,,dripping (100%),dripping (86%)
2,1.0,3401.06,intermitent,,dripping (100%),dripping (90%)
3,1.0,3600.97,intermitent,,dripping (77%),intermitent (49%)
4,1.0,3800.97,intermitent,,dripping (72%),intermitent (53%)
5,1.0,4001.17,intermitent,,intermitent (98%),intermitent (71%)
6,1.0,4201.06,intermitent,,intermitent (100%),intermitent (77%)
7,1.0,4401.12,intermitent,,cone_jet (77%),intermitent (43%)
8,1.0,4601.01,cone_jet,,intermitent (68%),cone_jet (47%)
9,1.0,4800.9,undefined,,cone_jet (70%),cone_jet (55%)
10,1.0,5001.13,undefined,,multi_jet (81%),cone_jet (31%)
11,1.0,5201.11,undefined,,multi_jet (54%),cone_jet (44%)
12,1.0,5400.97,multi_jet,,cone_jet (91%),cone_jet (45%)
13,1.0,5600.9,multi_jet,,multi_jet (80%),dripping (37%)
14,1.0,5800.93,multi_jet,,cone_jet (82%),cone_jet (51%)
15,1.0,6001.11,multi_jet,,cone_jet (89%),cone_jet (57%)
16,1.0,6201.05,multi_jet,,multi_jet (94%),cone_jet (46%)
17,1.0,6400.99,multi_jet,,cone_jet (76%),cone_jet (66%)
18,1.0,6600.86,multi_jet,,multi_jet (99%),multi_jet (72%)
19,1.0,6800.79,multi_jet,,multi_jet (100%),multi_jet (100%)
20,1.0,7001.12,multi_jet,,multi_jet (100%),multi_jet (100%)
21,1.0,7201.06,multi_jet,,multi_jet (100%),multi_jet (100%)
22,1.0,7400.95,multi_jet,,multi_jet (100%),multi_jet (100%)
23,1.0,7600.86,multi_jet,,multi_jet (100%),multi_jet (100%)
24,1.0,7800.78,multi_jet,,multi_jet (100%),multi_jet (99%)
25,1.0,8000.9,multi_jet,,multi_jet (100%),multi_jet (100%)
26,1.0,8200.95,multi_jet,,multi_jet (100%),multi_jet (100%)
27,1.0,8400.9,multi_jet,,multi_jet (100%),multi_jet (100%)
28,1.0,8600.75,multi_jet,,multi_jet (100%),multi_jet (100%)
29,1.0,8800.66,multi_jet,,multi_jet (100%),multi_jet (100%)
30,1.0,9000.89,multi_jet,,multi_jet (100%),multi_jet (100%)
31,2.0,3001.33,undefined,,dripping (98%),intermitent (48%)
32,2.0,3201.25,dripping,,dripping (98%),intermitent (51%)
33,2.0,3401.11,intermitent,,dripping (85%),intermitent (50%)
34,2.0,3601.01,intermitent,,intermitent (100%),intermitent (74%)
35,2.0,3800.99,intermitent,,intermitent (89%),intermitent (64%)
36,2.0,4001.16,intermitent,,intermitent (81%),intermitent (66%)
37,2.0,4201.09,intermitent,,cone_jet (85%),dripping (41%)
38,2.0,4401.14,cone_jet,,cone_jet (53%),cone_jet (47%)
39,2.0,4601.02,cone_jet,,cone_jet (78%),dripping (35%)
40,2.0,4800.92,cone_jet,,cone_jet (92%),intermitent (47%)
41,2.0,5001.16,cone_jet,,cone_jet (35%),cone_jet (46%)
42,2.0,5201.12,undefined,,cone_jet (98%),cone_jet (66%)
43,2.0,5400.99,multi_jet,,multi_jet (88%),dripping (54%)
44,2.0,5600.94,multi_jet,,multi_jet (93%),dripping (33%)
45,2.0,5800.91,multi_jet,,multi_jet (98%),intermitent (27%)
46,2.0,6001.15,multi_jet,,multi_jet (98%),dripping (43%)
47,2.0,6201.08,multi_jet,,cone_jet (96%),cone_jet (59%)
48,2.0,6401.01,multi_jet,,multi_jet (92%),cone_jet (46%)
49,2.0,6600.88,multi_jet,,multi_jet (100%),multi_jet (98%)
50,2.0,6800.84,multi_jet,,multi_jet (100%),multi_jet (100%)
51,2.0,7001.17,multi_jet,,multi_jet (100%),multi_jet (100%)
52,2.0,7201.08,multi_jet,,multi_jet (100%),multi_jet (100%)
53,2.0,7400.99,multi_jet,,multi_jet (100%),multi_jet (100%)
54,2.0,7600.89,multi_jet,,multi_jet (100%),multi_jet (100%)
55,2.0,7800.79,multi_jet,,multi_jet (100%),multi_jet (100%)
56,2.0,8000.94,multi_jet,,multi_jet (100%),multi_jet (100%)
57,2.0,8201.0,multi_jet,,multi_jet (100%),multi_jet (100%)
58,2.0,8400.92,multi_jet,,multi_jet (100%),multi_jet (100%)
59,2.0,8600.74,multi_jet,,multi_jet (100%),multi_jet (100%)
60,2.0,8800.68,multi_jet,,multi_jet (100%),multi_jet (100%)
61,2.0,9000.9,multi_jet,,multi_jet (100%),multi_jet (100%)
62,3.0,3001.33,undefined,,dripping (100%),dripping (90%)
63,3.0,3201.26,dripping,,dripping (94%),intermitent (46%)
64,3.0,3401.15,intermitent,,dripping (97%),intermitent (47%)
65,3.0,3601.04,intermitent,,intermitent (95%),intermitent (73%)
66,3.0,3801.02,intermitent,,intermitent (100%),intermitent (71%)
67,3.0,4001.21,intermitent,,intermitent (72%),dripping (42%)
68,3.0,4201.09,intermitent,,dripping (69%),dripping (45%)
69,3.0,4401.16,cone_jet,,cone_jet (79%),intermitent (41%)
70,3.0,4601.04,cone_jet,,cone_jet (89%),cone_jet (50%)
71,3.0,4800.92,cone_jet,,cone_jet (99%),intermitent (35%)
72,3.0,5001.19,cone_jet,,multi_jet (53%),cone_jet (38%)
73,3.0,5201.14,cone_jet,,multi_jet (68%),dripping (38%)
74,3.0,5400.99,multi_jet,,multi_jet (67%),cone_jet (43%)
75,3.0,5600.92,multi_jet,,multi_jet (91%),cone_jet (38%)
76,3.0,5800.92,multi_jet,,multi_jet (65%),cone_jet (51%)
77,3.0,6001.15,multi_jet,,multi_jet (100%),multi_jet (55%)
78,3.0,6201.09,multi_jet,,multi_jet (80%),cone_jet (45%)
79,3.0,6401.01,multi_jet,,multi_jet (100%),multi_jet (92%)
80,3.0,6600.89,multi_jet,,multi_jet (100%),multi_jet (98%)
81,3.0,6800.84,multi_jet,,multi_jet (100%),multi_jet (100%)
82,3.0,7001.13,multi_jet,,multi_jet (100%),multi_jet (100%)
83,3.0,7201.1,multi_jet,,multi_jet (100%),multi_jet (100%)
84,3.0,7400.97,multi_jet,,multi_jet (100%),multi_jet (100%)
85,3.0,7600.86,multi_jet,,multi_jet (100%),multi_jet (100%)
86,3.0,7800.81,multi_jet,,multi_jet (100%),multi_jet (100%)
87,3.0,8000.92,multi_jet,,multi_jet (100%),multi_jet (100%)
88,3.0,8200.98,multi_jet,,multi_jet (100%),multi_jet (100%)
89,3.0,8400.89,multi_jet,,multi_jet (100%),multi_jet (97%)
90,3.0,8600.77,multi_jet,,multi_jet (100%),multi_jet (100%)
91,3.0,8800.67,multi_jet,,multi_jet (100%),multi_jet (100%)
92,3.0,9000.9,multi_jet,,multi_jet (100%),multi_jet (100%)
93,4.0,3001.18,dripping,,intermitent (94%),intermitent (69%)
94,4.0,3201.19,dripping,,dripping (99%),dripping (88%)
95,4.0,3401.1,intermitent,,intermitent (97%),intermitent (67%)
96,4.0,3600.97,intermitent,,intermitent (100%),intermitent (60%)
97,4.0,3800.95,intermitent,,intermitent (99%),intermitent (70%)
98,4.0,4001.17,intermitent,,intermitent (55%),dripping (33%)
99,4.0,4201.06,intermitent,,intermitent (100%),intermitent (72%)
100,4.0,4401.09,intermitent,,intermitent (100%),intermitent (68%)
101,4.0,4601.01,intermitent,,cone_jet (80%),cone_jet (43%)
102,4.0,4800.88,intermitent,,cone_jet (91%),cone_jet (51%)
103,4.0,5001.15,cone_jet,,cone_jet (63%),cone_jet (39%)
104,4.0,5201.11,cone_jet,,cone_jet (74%),cone_jet (62%)
105,4.0,5400.95,cone_jet,,multi_jet (45%),cone_jet (44%)
106,4.0,5600.9,multi_jet,,cone_jet (64%),cone_jet (48%)
107,4.0,5800.93,multi_jet,,cone_jet (94%),cone_jet (58%)
108,4.0,6001.12,multi_jet,,cone_jet (92%),cone_jet (56%)
109,4.0,6201.07,multi_jet,,cone_jet (78%),cone_jet (56%)
110,4.0,6401.01,multi_jet,,multi_jet (100%),multi_jet (92%)
111,4.0,6600.89,multi_jet,,multi_jet (98%),cone_jet (47%)
112,4.0,6800.82,multi_jet,,multi_jet (100%),multi_jet (100%)
113,4.0,7001.11,multi_jet,,multi_jet (100%),multi_jet (100%)
114,4.0,7201.09,multi_jet,,multi_jet (100%),multi_jet (100%)
115,4.0,7400.97,multi_jet,,multi_jet (100%),multi_jet (100%)
116,4.0,7600.86,multi_jet,,multi_jet (100%),multi_jet (100%)
117,4.0,7800.78,multi_jet,,multi_jet (100%),multi_jet (100%)
118,4.0,8000.96,multi_jet,,multi_jet (100%),multi_jet (100%)
119,4.0,8200.97,multi_jet,,multi_jet (100%),multi_jet (100%)
120,4.0,8400.9,multi_jet,,multi_jet (100%),multi_jet (100%)
121,4.0,8600.74,multi_jet,,multi_jet (100%),multi_jet (100%)
122,4.0,8800.66,multi_jet,,multi_jet (100%),multi_jet (100%)
123,4.0,9000.87,multi_jet,,multi_jet (100%),multi_jet (100%)
124,5.0,3001.3,undefined,,intermitent (96%),intermitent (65%)
125,5.0,3201.25,dripping,,intermitent (56%),dripping (61%)
126,5.0,3401.13,intermitent,,intermitent (82%),dripping (55%)
127,5.0,3600.99,intermitent,,dripping (90%),dripping (60%)
128,5.0,3800.98,intermitent,,dripping (78%),dripping (65%)
129,5.0,4001.18,intermitent,,intermitent (89%),dripping (52%)
130,5.0,4201.06,intermitent,,intermitent (60%),intermitent (41%)
131,5.0,4401.15,intermitent,,intermitent (67%),dripping (39%)
132,5.0,4601.01,intermitent,,cone_jet (99%),cone_jet (53%)
133,5.0,4800.93,intermitent,,cone_jet (92%),cone_jet (50%)
134,5.0,5001.15,intermitent,,cone_jet (61%),cone_jet (51%)
135,5.0,5201.11,intermitent,,intermitent (67%),dripping (37%)
136,5.0,5400.97,cone_jet,,cone_jet (51%),cone_jet (47%)
137,5.0,5600.9,cone_jet,,cone_jet (84%),cone_jet (46%)
138,5.0,5800.92,cone_jet,,cone_jet (58%),cone_jet (63%)
139,5.0,6001.12,undefined,,cone_jet (70%),cone_jet (52%)
140,5.0,6201.07,multi_jet,,multi_jet (100%),multi_jet (56%)
141,5.0,6400.99,multi_jet,,cone_jet (86%),cone_jet (51%)
142,5.0,6600.87,multi_jet,,multi_jet (86%),multi_jet (54%)
143,5.0,6800.81,multi_jet,,multi_jet (98%),multi_jet (50%)
144,5.0,7001.12,multi_jet,,multi_jet (100%),multi_jet (58%)
145,5.0,7201.08,multi_jet,,multi_jet (100%),multi_jet (100%)
146,5.0,7400.98,multi_jet,,multi_jet (100%),multi_jet (97%)
147,5.0,7600.88,multi_jet,,multi_jet (100%),multi_jet (100%)
148,5.0,7800.77,multi_jet,,multi_jet (100%),multi_jet (100%)
149,5.0,8000.89,multi_jet,,multi_jet (100%),multi_jet (99%)
150,5.0,8200.97,multi_jet,,multi_jet (100%),multi_jet (100%)
151,5.0,8400.89,multi_jet,,multi_jet (100%),multi_jet (100%)
152,5.0,8600.74,multi_jet,,multi_jet (100%),multi_jet (100%)
153,5.0,8800.63,multi_jet,,multi_jet (100%),multi_jet (100%)
154,5.0,9000.87,multi_jet,,multi_jet (100%),multi_jet (100%)
155,6.0,3001.31,dripping,,dripping (100%),dripping (86%)
156,6.0,3201.23,dripping,,dripping (100%),dripping (90%)
157,6.0,3401.09,intermitent,,dripping (90%),dripping (87%)
158,6.0,3600.99,intermitent,,intermitent (100%),intermitent (72%)
159,6.0,3800.99,intermitent,,intermitent (78%),dripping (63%)
160,6.0,4001.16,intermitent,,intermitent (99%),intermitent (72%)
161,6.0,4201.07,intermitent,,intermitent (80%),dripping (60%)
162,6.0,4401.12,intermitent,,intermitent (90%),cone_jet (43%)
163,6.0,4601.02,intermitent,,intermitent (100%),intermitent (60%)
164,6.0,4800.91,intermitent,,cone_jet (97%),cone_jet (60%)
165,6.0,5001.16,intermitent,,cone_jet (75%),dripping (38%)
166,6.0,5201.12,cone_jet,,intermitent (75%),cone_jet (41%)
167,6.0,5400.97,cone_jet,,cone_jet (88%),cone_jet (45%)
168,6.0,5600.91,cone_jet,,cone_jet (92%),cone_jet (60%)
169,6.0,5800.94,undefined,,cone_jet (93%),cone_jet (55%)
170,6.0,6001.14,undefined,,cone_jet (97%),cone_jet (50%)
171,6.0,6201.08,multi_jet,,multi_jet (88%),cone_jet (46%)
172,6.0,6401.01,multi_jet,,multi_jet (100%),multi_jet (66%)
173,6.0,6600.88,multi_jet,,multi_jet (89%),multi_jet (49%)
174,6.0,6800.82,multi_jet,,multi_jet (99%),multi_jet (56%)
175,6.0,7001.14,multi_jet,,multi_jet (99%),multi_jet (56%)
176,6.0,7201.07,multi_jet,,multi_jet (100%),multi_jet (97%)
177,6.0,7400.98,multi_jet,,multi_jet (100%),multi_jet (100%)
178,6.0,7600.85,multi_jet,,multi_jet (100%),multi_jet (100%)
179,6.0,7800.78,multi_jet,,multi_jet (100%),multi_jet (100%)
180,6.0,8000.93,multi_jet,,multi_jet (100%),multi_jet (100%)
181,6.0,8200.95,multi_jet,,multi_jet (100%),multi_jet (100%)
182,6.0,8400.9,multi_jet,,multi_jet (100%),multi_jet (100%)
183,6.0,8600.74,multi_jet,,multi_jet (100%),multi_jet (100%)
184,6.0,8800.67,multi_jet,,multi_jet (100%),multi_jet (100%)
185,6.0,9000.87,multi_jet,,multi_jet (100%),multi_jet (100%)
186,100.0,3001.39,dripping,,dripping (77%),intermitent (64%)
187,100.0,3201.39,dripping,,intermitent (72%),intermitent (62%)
188,100.0,3401.26,dripping,,intermitent (74%),intermitent (53%)
189,100.0,3601.15,intermitent,,intermitent (86%),intermitent (66%)
190,100.0,3801.16,intermitent,,intermitent (90%),intermitent (65%)
191,100.0,4001.34,intermitent,,intermitent (89%),intermitent (65%)
192,100.0,4201.24,intermitent,,dripping (66%),dripping (66%)
193,100.0,4401.31,intermitent,,dripping (78%),dripping (53%)
194,100.0,4601.17,intermitent,,intermitent (100%),intermitent (70%)
195,100.0,4801.08,intermitent,,intermitent (99%),intermitent (60%)
196,100.0,5001.32,undefined,,intermitent (71%),intermitent (42%)
197,100.0,5201.32,undefined,,intermitent (99%),intermitent (52%)
198,100.0,5401.17,undefined,,intermitent (98%),intermitent (57%)
199,100.0,5601.09,undefined,,intermitent (73%),intermitent (54%)
200,100.0,5801.1,undefined,,intermitent (73%),multi_jet (39%)
201,100.0,6001.33,undefined,,intermitent (86%),intermitent (40%)
202,100.0,6201.29,undefined,,multi_jet (50%),multi_jet (44%)
203,100.0,6401.2,undefined,,multi_jet (97%),multi_jet (48%)
204,100.0,6601.09,undefined,,multi_jet (69%),multi_jet (49%)
205,100.0,6801.03,undefined,,multi_jet (52%),multi_jet (60%)
206,100.0,7001.32,undefined,,multi_jet (100%),multi_jet (75%)
207,100.0,7201.26,undefined,,multi_jet (91%),multi_jet (63%)
208,100.0,7401.18,undefined,,multi_jet (76%),multi_jet (71%)
209,100.0,7601.08,undefined,,multi_jet (100%),multi_jet (96%)
210,100.0,7800.99,multi_jet,,multi_jet (98%),multi_jet (81%)
211,100.0,8001.15,multi_jet,,multi_jet (100%),multi_jet (99%)
212,100.0,8201.16,multi_jet,,multi_jet (100%),multi_jet (95%)
213,100.0,8401.12,multi_jet,,multi_jet (99%),multi_jet (99%)
214,100.0,8600.94,multi_jet,,multi_jet (100%),multi_jet (95%)
215,100.0,8800.86,multi_jet,,multi_jet (100%),multi_jet (100%)
216,100.0,9001.08,multi_jet,,multi_jet (100%),multi_jet (95%)
217,120.0,3001.4,dripping,,dripping (62%),intermitent (60%)
218,120.0,3201.34,dripping,,dripping (98%),dripping (81%)
219,120.0,3401.19,dripping,,intermitent (51%),intermitent (65%)
220,120.0,3601.12,dripping,,dripping (75%),dripping (60%)
221,120.0,3801.08,dripping,,dripping (67%),dripping (69%)
222,120.0,4001.28,intermitent,,intermitent (99%),intermitent (74%)
223,120.0,4201.13,intermitent,,intermitent (82%),intermitent (44%)
224,120.0,4401.24,intermitent,,intermitent (100%),intermitent (70%)
225,120.0,4601.12,intermitent,,intermitent (86%),intermitent (39%)
226,120.0,4800.98,intermitent,,intermitent (95%),intermitent (56%)
227,120.0,5001.27,intermitent,,dripping (92%),dripping (62%)
228,120.0,5201.21,intermitent,,multi_jet (73%),intermitent (51%)
229,120.0,5401.08,intermitent,,intermitent (74%),intermitent (49%)
230,120.0,5601.02,intermitent,,multi_jet (90%),intermitent (44%)
231,120.0,5801.05,intermitent,,multi_jet (48%),multi_jet (34%)
232,120.0,6001.25,undefined,,intermitent (74%),intermitent (47%)
233,120.0,6201.19,undefined,,intermitent (51%),multi_jet (50%)
234,120.0,6401.09,undefined,,multi_jet (94%),multi_jet (41%)
235,120.0,6601.0,undefined,,intermitent (89%),intermitent (58%)
236,120.0,6800.95,undefined,,multi_jet (96%),multi_jet (56%)
237,120.0,7001.27,undefined,,multi_jet (97%),multi_jet (52%)
238,120.0,7201.21,undefined,,intermitent (94%),intermitent (47%)
239,120.0,7401.1,undefined,,multi_jet (58%),multi_jet (52%)
240,120.0,7601.02,undefined,,multi_jet (100%),multi_jet (92%)
241,120.0,7800.92,undefined,,multi_jet (82%),multi_jet (63%)
242,120.0,8001.06,intermitent,,multi_jet (96%),multi_jet (64%)
243,120.0,8201.11,undefined,,multi_jet (96%),multi_jet (60%)
244,120.0,8401.06,undefined,,multi_jet (89%),multi_jet (56%)
245,120.0,8600.89,multi_jet,,multi_jet (97%),multi_jet (57%)
246,120.0,8800.81,multi_jet,,multi_jet (74%),multi_jet (58%)
247,120.0,9001.05,multi_jet,,multi_jet (100%),multi_jet (95%)
248,140.0,3001.37,dripping,,dripping (100%),dripping (61%)
249,140.0,3201.31,dripping,,dripping (96%),dripping (64%)
250,140.0,3401.18,dripping,,dripping (99%),dripping (77%)
251,140.0,3601.07,dripping,,dripping (95%),dripping (68%)
252,140.0,3801.07,dripping,,intermitent (93%),intermitent (65%)
253,140.0,4001.25,dripping,,intermitent (75%),intermitent (71%)
254,140.0,4201.14,dripping,,dripping (88%),dripping (65%)
255,140.0,4401.23,dripping,,dripping (57%),dripping (50%)
256,140.0,4601.08,dripping,,intermitent (100%),intermitent (67%)
257,140.0,4800.98,dripping,,intermitent (97%),intermitent (55%)
258,140.0,5001.22,dripping,,intermitent (81%),intermitent (49%)
259,140.0,5201.2,dripping,,dripping (54%),dripping (45%)
260,140.0,5401.06,dripping,,intermitent (57%),intermitent (45%)
261,140.0,5600.98,intermitent,,intermitent (90%),intermitent (48%)
262,140.0,5800.99,intermitent,,intermitent (51%),intermitent (46%)
263,140.0,6001.19,intermitent,,intermitent (95%),intermitent (51%)
264,140.0,6201.13,intermitent,,intermitent (91%),dripping (48%)
265,140.0,6401.07,intermitent,,intermitent (98%),intermitent (44%)
266,140.0,6600.93,intermitent,,multi_jet (95%),multi_jet (56%)
267,140.0,6800.9,intermitent,,intermitent (95%),intermitent (45%)
268,140.0,7001.21,intermitent,,multi_jet (95%),multi_jet (58%)
269,140.0,7201.13,intermitent,,multi_jet (93%),multi_jet (62%)
270,140.0,7401.06,undefined,,multi_jet (91%),multi_jet (52%)
271,140.0,7600.94,undefined,,intermitent (82%),intermitent (46%)
272,140.0,7800.86,undefined,,intermitent (93%),intermitent (50%)
273,140.0,8000.96,undefined,,intermitent (71%),multi_jet (50%)
274,140.0,8201.01,undefined,,multi_jet (86%),multi_jet (63%)
275,140.0,8400.99,undefined,,intermitent (66%),intermitent (52%)
276,140.0,8600.8,undefined,,intermitent (59%),multi_jet (46%)
277,140.0,8800.74,multi_jet,,multi_jet (100%),multi_jet (81%)
278,140.0,9000.96,multi_jet,,multi_jet (76%),multi_jet (73%)
279,160.0,3001.14,dripping,,intermitent (51%),intermitent (70%)
280,160.0,3201.13,dripping,,intermitent (61%),intermitent (65%)
281,160.0,3401.02,intermitent,,intermitent (91%),intermitent (64%)
282,160.0,3600.93,dripping,,intermitent (99%),intermitent (66%)
283,160.0,3800.92,dripping,,intermitent (78%),dripping (48%)
284,160.0,4001.11,dripping,,intermitent (100%),intermitent (69%)
285,160.0,4201.02,intermitent,,dripping (84%),dripping (46%)
286,160.0,4401.07,unconclusive,,intermitent (99%),intermitent (73%)
287,160.0,4600.97,intermitent,,intermitent (98%),intermitent (57%)
288,160.0,4800.88,dripping,,dripping (81%),dripping (61%)
289,160.0,5001.11,intermitent,,dripping (85%),dripping (54%)
290,160.0,5201.05,unconclusive,,dripping (76%),dripping (59%)
291,160.0,5400.92,intermitent,,intermitent (65%),intermitent (51%)
292,160.0,5600.86,intermitent,,intermitent (87%),intermitent (50%)
293,160.0,5800.89,intermitent,,multi_jet (50%),multi_jet (41%)
294,160.0,6001.07,intermitent,,intermitent (53%),intermitent (42%)
295,160.0,6201.03,intermitent,,intermitent (71%),intermitent (52%)
296,160.0,6400.94,intermitent,,intermitent (59%),intermitent (44%)
297,160.0,6600.83,intermitent,,multi_jet (72%),multi_jet (40%)
298,160.0,6800.79,intermitent,,multi_jet (91%),multi_jet (57%)
299,160.0,7001.07,intermitent,,intermitent (93%),intermitent (54%)
300,160.0,7201.02,intermitent,,multi_jet (96%),multi_jet (57%)
301,160.0,7400.94,unconclusive,,multi_jet (77%),multi_jet (48%)
302,160.0,7600.82,cone_jet,,multi_jet (53%),multi_jet (48%)
303,160.0,7800.75,unconclusive,,multi_jet (73%),multi_jet (72%)
304,160.0,8000.87,multi_jet,,multi_jet (100%),multi_jet (70%)
305,160.0,8200.89,multi_jet,,multi_jet (70%),intermitent (42%)
306,160.0,8400.82,unconclusive,,intermitent (97%),intermitent (52%)
307,160.0,8600.7,unconclusive,,multi_jet (95%),multi_jet (63%)
308,160.0,8800.61,intermitent,,multi_jet (87%),multi_jet (47%)
309,160.0,9000.85,multi_jet,,multi_jet (80%),multi_jet (68%)
310,180.0,3001.26,dripping,,dripping (99%),dripping (50%)
311,180.0,3201.19,unconclusive,,dripping (97%),dripping (72%)
312,180.0,3401.06,dripping,,intermitent (80%),intermitent (65%)
313,180.0,3600.96,dripping,,dripping (96%),dripping (86%)
314,180.0,3800.92,multi_jet,,intermitent (100%),intermitent (82%)
315,180.0,4001.14,dripping,,intermitent (65%),dripping (59%)
316,180.0,4201.0,dripping,,intermitent (100%),intermitent (76%)
317,180.0,4401.08,dripping,,dripping (79%),dripping (44%)
318,180.0,4600.95,dripping,,intermitent (98%),intermitent (59%)
319,180.0,4800.85,unconclusive,,dripping (91%),dripping (52%)
320,180.0,5001.1,dripping,,dripping (92%),dripping (49%)
321,180.0,5201.05,dripping,,intermitent (93%),intermitent (54%)
322,180.0,5400.9,unconclusive,,intermitent (93%),intermitent (45%)
323,180.0,5600.85,intermitent,,dripping (93%),dripping (60%)
324,180.0,5800.85,intermitent,,intermitent (78%),intermitent (50%)
325,180.0,6001.09,intermitent,,intermitent (50%),dripping (60%)
326,180.0,6201.02,intermitent,,intermitent (70%),intermitent (51%)
327,180.0,6400.94,intermitent,,intermitent (93%),intermitent (45%)
328,180.0,6600.84,intermitent,,multi_jet (91%),multi_jet (58%)
329,180.0,6800.76,intermitent,,multi_jet (99%),multi_jet (64%)
330,180.0,7001.07,intermitent,,intermitent (96%),intermitent (51%)
331,180.0,7201.03,intermitent,,multi_jet (88%),intermitent (48%)
332,180.0,7400.89,unconclusive,,multi_jet (80%),multi_jet (56%)
333,180.0,7600.82,unconclusive,,intermitent (70%),multi_jet (62%)
334,180.0,7800.71,multi_jet,,intermitent (85%),intermitent (53%)
335,180.0,8000.85,multi_jet,,multi_jet (97%),multi_jet (63%)
336,180.0,8200.9,multi_jet,,multi_jet (97%),multi_jet (75%)
337,180.0,8400.84,multi_jet,,multi_jet (98%),multi_jet (81%)
338,180.0,8600.67,unconclusive,,multi_jet (76%),multi_jet (69%)
339,180.0,8800.6,intermitent,,multi_jet (99%),multi_jet (74%)
340,180.0,9000.82,unconclusive,,multi_jet (98%),multi_jet (72%)
341,200.0,3001.23,dripping,,intermitent (96%),intermitent (80%)
342,200.0,3201.17,intermitent,,dripping (88%),dripping (61%)
343,200.0,3401.05,unconclusive,,intermitent (100%),intermitent (81%)
344,200.0,3600.98,intermitent,,dripping (73%),dripping (77%)
345,200.0,3800.95,dripping,,intermitent (100%),intermitent (77%)
346,200.0,4001.12,dripping,,dripping (88%),dripping (53%)
347,200.0,4201.02,dripping,,intermitent (69%),dripping (46%)
348,200.0,4401.06,unconclusive,,intermitent (100%),intermitent (70%)
349,200.0,4600.97,intermitent,,intermitent (97%),intermitent (55%)
350,200.0,4800.86,dripping,,dripping (68%),dripping (61%)
351,200.0,5001.12,dripping,,dripping (70%),dripping (68%)
352,200.0,5201.06,intermitent,,intermitent (78%),intermitent (54%)
353,200.0,5400.9,intermitent,,intermitent (96%),intermitent (54%)
354,200.0,5600.84,intermitent,,multi_jet (67%),intermitent (52%)
355,200.0,5800.86,intermitent,,intermitent (89%),intermitent (48%)
356,200.0,6001.06,intermitent,,multi_jet (62%),intermitent (46%)
357,200.0,6200.98,intermitent,,intermitent (78%),dripping (41%)
358,200.0,6400.93,intermitent,,intermitent (95%),intermitent (47%)
359,200.0,6600.81,intermitent,,intermitent (98%),intermitent (48%)
360,200.0,6800.74,intermitent,,multi_jet (96%),multi_jet (61%)
361,200.0,7001.05,intermitent,,intermitent (98%),intermitent (46%)
362,200.0,7200.96,unconclusive,,multi_jet (89%),multi_jet (60%)
363,200.0,7400.89,unconclusive,,multi_jet (87%),multi_jet (64%)
364,200.0,7600.78,multi_jet,,intermitent (95%),multi_jet (58%)
365,200.0,7800.68,multi_jet,,multi_jet (90%),multi_jet (60%)
366,200.0,8000.82,unconclusive,,multi_jet (84%),multi_jet (60%)
367,200.0,8200.85,unconclusive,,multi_jet (100%),multi_jet (93%)
368,200.0,8400.82,unconclusive,,multi_jet (100%),multi_jet (92%)
369,200.0,8600.62,intermitent,,multi_jet (99%),multi_jet (71%)
370,200.0,8800.57,multi_jet,,multi_jet (100%),multi_jet (96%)
371,200.0,9000.78,multi_jet,,multi_jet (100%),multi_jet (98%)
372,250.0,3001.05,intermitent,,intermitent (98%),intermitent (82%)
373,250.0,3201.06,dripping,,intermitent (100%),intermitent (78%)
374,250.0,3400.98,unconclusive,,intermitent (100%),intermitent (80%)
375,250.0,3600.87,dripping,,intermitent (100%),intermitent (80%)
376,250.0,3800.87,dripping,,intermitent (93%),dripping (49%)
377,250.0,4001.05,dripping,,intermitent (100%),intermitent (81%)
378,250.0,4200.92,intermitent,,dripping (53%),intermitent (46%)
379,250.0,4401.0,unconclusive,,intermitent (100%),intermitent (68%)
380,250.0,4600.88,unconclusive,,intermitent (99%),intermitent (65%)
381,250.0,4800.77,intermitent,,dripping (93%),dripping (55%)
382,250.0,5001.01,intermitent,,intermitent (57%),dripping (36%)
383,250.0,5201.01,intermitent,,intermitent (56%),dripping (56%)
384,250.0,5400.83,intermitent,,multi_jet (62%),intermitent (52%)
385,250.0,5600.78,intermitent,,intermitent (74%),intermitent (47%)
386,250.0,5800.78,intermitent,,intermitent (96%),intermitent (51%)
387,250.0,6000.98,intermitent,,multi_jet (79%),multi_jet (48%)
388,250.0,6200.94,unconclusive,,multi_jet (68%),multi_jet (44%)
389,250.0,6400.9,intermitent,,intermitent (97%),intermitent (41%)
390,250.0,6600.73,intermitent,,multi_jet (86%),multi_jet (71%)
391,250.0,6800.7,intermitent,,multi_jet (100%),multi_jet (69%)
392,250.0,7000.98,multi_jet,,multi_jet (99%),multi_jet (68%)
393,250.0,7200.94,unconclusive,,intermitent (92%),intermitent (48%)
394,250.0,7400.83,intermitent,,multi_jet (97%),multi_jet (69%)
395,250.0,7600.71,multi_jet,,multi_jet (80%),multi_jet (65%)
396,250.0,7800.64,multi_jet,,multi_jet (97%),multi_jet (58%)
397,250.0,8000.76,unconclusive,,multi_jet (87%),multi_jet (59%)
398,250.0,8200.81,multi_jet,,multi_jet (65%),multi_jet (69%)
399,250.0,8400.74,multi_jet,,multi_jet (99%),multi_jet (94%)
400,250.0,8600.58,multi_jet,,multi_jet (100%),multi_jet (94%)
401,250.0,8800.51,unconclusive,,multi_jet (100%),multi_jet (98%)
402,250.0,9000.74,multi_jet,,multi_jet (100%),multi_jet (93%)
403,300.0,3001.21,dripping,,intermitent (90%),intermitent (84%)
404,300.0,3201.1,intermitent,,dripping (98%),dripping (65%)
405,300.0,3400.98,dripping,,dripping (77%),dripping (72%)
406,300.0,3600.89,unconclusive,,intermitent (100%),intermitent (80%)
407,300.0,3800.87,dripping,,intermitent (100%),intermitent (81%)
408,300.0,4001.05,dripping,,dripping (52%),dripping (56%)
409,300.0,4200.95,intermitent,,dripping (54%),dripping (45%)
410,300.0,4401.01,intermitent,,intermitent (98%),intermitent (54%)
411,300.0,4600.9,intermitent,,dripping (67%),dripping (57%)
412,300.0,4800.77,intermitent,,dripping (94%),dripping (52%)
413,300.0,5001.02,intermitent,,dripping (44%),dripping (46%)
414,300.0,5200.99,intermitent,,intermitent (87%),intermitent (50%)
415,300.0,5400.85,intermitent,,multi_jet (80%),intermitent (50%)
416,300.0,5600.81,intermitent,,multi_jet (66%),intermitent (41%)
417,300.0,5800.79,unconclusive,,intermitent (74%),multi_jet (40%)
418,300.0,6000.98,multi_jet,,intermitent (95%),intermitent (51%)
419,300.0,6200.95,intermitent,,multi_jet (88%),multi_jet (43%)
420,300.0,6400.87,intermitent,,multi_jet (96%),multi_jet (49%)
421,300.0,6600.77,multi_jet,,intermitent (76%),intermitent (49%)
422,300.0,6800.69,unconclusive,,multi_jet (99%),multi_jet (59%)
423,300.0,7000.99,intermitent,,multi_jet (91%),multi_jet (43%)
424,300.0,7200.93,multi_jet,,multi_jet (80%),multi_jet (58%)
425,300.0,7400.82,dripping,,multi_jet (88%),multi_jet (67%)
426,300.0,7600.71,multi_jet,,multi_jet (90%),multi_jet (66%)
427,300.0,7800.62,unconclusive,,multi_jet (95%),multi_jet (67%)
428,300.0,8000.78,multi_jet,,multi_jet (100%),multi_jet (100%)
429,300.0,8200.8,multi_jet,,multi_jet (100%),multi_jet (92%)
430,300.0,8400.73,multi_jet,,multi_jet (100%),multi_jet (100%)
431,300.0,8600.59,unconclusive,,multi_jet (100%),multi_jet (100%)
432,300.0,8800.5,multi_jet,,multi_jet (100%),multi_jet (99%)
433,300.0,9000.71,multi_jet,,multi_jet (100%),multi_jet (100%)
434,350.0,3001.2,dripping,,dripping (73%),intermitent (60%)
435,350.0,3201.12,dripping,,intermitent (99%),intermitent (83%)
436,350.0,3400.99,intermitent,,intermitent (91%),intermitent (63%)
437,350.0,3600.89,dripping,,dripping (85%),dripping (78%)
438,350.0,3800.87,intermitent,,dripping (78%),dripping (66%)
439,350.0,4001.08,intermitent,,dripping (87%),dripping (60%)
440,350.0,4200.95,intermitent,,intermitent (100%),intermitent (78%)
441,350.0,4401.02,intermitent,,dripping (98%),dripping (60%)
442,350.0,4600.89,intermitent,,dripping (86%),dripping (56%)
443,350.0,4800.76,intermitent,,intermitent (98%),intermitent (55%)
444,350.0,5001.03,intermitent,,intermitent (99%),intermitent (51%)
445,350.0,5200.98,unconclusive,,intermitent (99%),intermitent (43%)
446,350.0,5400.85,multi_jet,,intermitent (99%),multi_jet (39%)
447,350.0,5600.79,intermitent,,intermitent (65%),intermitent (36%)
448,350.0,5800.78,intermitent,,intermitent (73%),multi_jet (45%)
449,350.0,6001.03,intermitent,,intermitent (86%),intermitent (44%)
450,350.0,6200.95,intermitent,,multi_jet (86%),multi_jet (61%)
451,350.0,6400.87,unconclusive,,multi_jet (64%),multi_jet (58%)
452,350.0,6600.75,multi_jet,,multi_jet (84%),multi_jet (68%)
453,350.0,6800.69,multi_jet,,multi_jet (74%),multi_jet (53%)
454,350.0,7000.99,multi_jet,,multi_jet (99%),multi_jet (89%)
455,350.0,7200.95,unconclusive,,multi_jet (100%),multi_jet (99%)
456,350.0,7400.82,unconclusive,,multi_jet (84%),multi_jet (74%)
457,350.0,7600.74,multi_jet,,multi_jet (100%),multi_jet (100%)
458,350.0,7800.64,multi_jet,,multi_jet (100%),multi_jet (96%)
459,350.0,8000.75,unconclusive,,multi_jet (100%),multi_jet (99%)
460,350.0,8200.83,multi_jet,,multi_jet (100%),multi_jet (100%)
461,350.0,8400.74,multi_jet,,multi_jet (100%),multi_jet (100%)
462,350.0,8600.59,unconclusive,,multi_jet (100%),multi_jet (100%)
463,350.0,8800.49,multi_jet,,multi_jet (100%),multi_jet (100%)
464,350.0,9000.73,multi_jet,,multi_jet (100%),multi_jet (99%)
465,400.0,3001.03,dripping,,dripping (99%),dripping (66%)
466,400.0,3201.06,dripping,,dripping (97%),dripping (63%)
467,400.0,3400.97,dripping,,dripping (80%),dripping (68%)
468,400.0,3600.85,dripping,,intermitent (100%),intermitent (82%)
469,400.0,3800.84,dripping,,intermitent (53%),dripping (67%)
470,400.0,4001.02,dripping,,dripping (96%),dripping (65%)
471,400.0,4200.91,dripping,,dripping (91%),dripping (62%)
472,400.0,4400.98,dripping,,intermitent (98%),intermitent (62%)
473,400.0,4600.85,dripping,,intermitent (100%),intermitent (58%)
474,400.0,4800.76,intermitent,,intermitent (96%),intermitent (63%)
475,400.0,5001.0,unconclusive,,dripping (98%),dripping (66%)
476,400.0,5200.98,unconclusive,,dripping (66%),dripping (49%)
477,400.0,5400.8,unconclusive,,intermitent (84%),intermitent (51%)
478,400.0,5600.77,intermitent,,multi_jet (99%),intermitent (50%)
479,400.0,5800.76,intermitent,,multi_jet (95%),intermitent (40%)
480,400.0,6000.98,intermitent,,multi_jet (95%),multi_jet (47%)
481,400.0,6200.9,intermitent,,multi_jet (98%),multi_jet (40%)
482,400.0,6400.82,intermitent,,intermitent (99%),intermitent (51%)
483,400.0,6600.72,intermitent,,multi_jet (61%),multi_jet (49%)
484,400.0,6800.65,intermitent,,intermitent (91%),intermitent (45%)
485,400.0,7000.97,intermitent,,intermitent (82%),intermitent (48%)
486,400.0,7200.9,intermitent,,intermitent (97%),intermitent (54%)
487,400.0,7400.8,intermitent,,intermitent (97%),intermitent (55%)
488,400.0,7600.69,unconclusive,,multi_jet (88%),multi_jet (62%)
489,400.0,7800.59,intermitent,,multi_jet (99%),multi_jet (63%)
490,400.0,8000.74,intermitent,,multi_jet (100%),multi_jet (96%)
491,400.0,8200.76,intermitent,,multi_jet (100%),multi_jet (96%)
492,400.0,8400.71,intermitent,,multi_jet (100%),multi_jet (85%)
493,400.0,8600.54,intermitent,,multi_jet (100%),multi_jet (94%)
494,400.0,8800.47,intermitent,,multi_jet (95%),multi_jet (64%)
495,400.0,9000.69,intermitent,,multi_jet (99%),multi_jet (88%)
496,450.0,3001.19,unconclusive,,intermitent (99%),intermitent (78%)
497,450.0,3201.13,dripping,,dripping (59%),intermitent (46%)
498,450.0,3400.99,dripping,,dripping (54%),dripping (52%)
499,450.0,3600.87,dripping,,dripping (82%),dripping (71%)
500,450.0,3800.85,dripping,,intermitent (100%),intermitent (79%)
501,450.0,4001.05,unconclusive,,intermitent (99%),intermitent (80%)
502,450.0,4200.93,dripping,,intermitent (100%),intermitent (76%)
503,450.0,4400.98,dripping,,dripping (92%),dripping (72%)
504,450.0,4600.9,dripping,,dripping (93%),dripping (68%)
505,450.0,4800.78,dripping,,dripping (86%),dripping (53%)
506,450.0,5001.02,dripping,,dripping (53%),dripping (44%)
507,450.0,5200.97,dripping,,intermitent (99%),intermitent (62%)
508,450.0,5400.83,dripping,,intermitent (98%),intermitent (57%)
509,450.0,5600.79,intermitent,,intermitent (93%),intermitent (54%)
510,450.0,5800.79,dripping,,dripping (83%),dripping (60%)
511,450.0,6000.97,intermitent,,intermitent (95%),intermitent (42%)
512,450.0,6200.9,intermitent,,intermitent (88%),dripping (42%)
513,450.0,6400.85,dripping,,intermitent (70%),dripping (41%)
514,450.0,6600.71,intermitent,,intermitent (85%),intermitent (48%)
515,450.0,6800.65,intermitent,,intermitent (98%),intermitent (52%)
516,450.0,7000.97,intermitent,,intermitent (69%),intermitent (42%)
517,450.0,7200.9,intermitent,,multi_jet (93%),intermitent (42%)
518,450.0,7400.78,intermitent,,intermitent (99%),intermitent (49%)
519,450.0,7600.68,intermitent,,multi_jet (90%),multi_jet (50%)
520,450.0,7800.57,intermitent,,intermitent (79%),dripping (46%)
521,450.0,8000.76,intermitent,,intermitent (98%),intermitent (55%)
522,450.0,8200.8,unconclusive,,intermitent (96%),intermitent (53%)
523,450.0,8400.69,intermitent,,intermitent (99%),intermitent (66%)
524,450.0,8600.55,intermitent,,multi_jet (92%),multi_jet (62%)
525,450.0,8800.47,intermitent,,multi_jet (79%),intermitent (40%)
526,450.0,9000.71,intermitent,,intermitent (76%),multi_jet (48%)
527,500.0,3001.19,dripping,,dripping (96%),dripping (63%)
528,500.0,3201.12,dripping,,dripping (97%),dripping (75%)
529,500.0,3400.98,dripping,,intermitent (98%),intermitent (79%)
530,500.0,3600.87,dripping,,dripping (93%),dripping (72%)
531,500.0,3800.83,dripping,,dripping (52%),dripping (51%)
532,500.0,4001.05,unconclusive,,intermitent (100%),intermitent (78%)
533,500.0,4200.92,dripping,,intermitent (100%),intermitent (74%)
534,500.0,4400.97,dripping,,dripping (51%),intermitent (45%)
535,500.0,4600.88,unconclusive,,intermitent (98%),intermitent (63%)
536,500.0,4800.73,dripping,,intermitent (90%),intermitent (56%)
537,500.0,5001.0,dripping,,intermitent (87%),intermitent (64%)
538,500.0,5200.96,dripping,,intermitent (83%),intermitent (46%)
539,500.0,5400.81,unconclusive,,intermitent (61%),dripping (54%)
540,500.0,5600.75,dripping,,dripping (69%),dripping (57%)
541,500.0,5800.76,dripping,,dripping (62%),dripping (48%)
542,500.0,6000.94,dripping,,dripping (85%),dripping (63%)
543,500.0,6200.91,unconclusive,,intermitent (98%),intermitent (49%)
544,500.0,6400.84,intermitent,,intermitent (94%),intermitent (49%)
545,500.0,6600.72,intermitent,,intermitent (96%),intermitent (49%)
546,500.0,6800.64,intermitent,,intermitent (90%),intermitent (46%)
547,500.0,7000.96,intermitent,,intermitent (57%),intermitent (49%)
548,500.0,7200.9,intermitent,,multi_jet (52%),multi_jet (41%)
549,500.0,7400.78,intermitent,,intermitent (97%),intermitent (43%)
550,500.0,7600.68,intermitent,,intermitent (96%),intermitent (42%)
551,500.0,7800.6,intermitent,,intermitent (89%),intermitent (53%)
552,500.0,8000.75,intermitent,,multi_jet (80%),multi_jet (61%)
553,500.0,8200.75,intermitent,,intermitent (99%),intermitent (47%)
554,500.0,8400.67,intermitent,,multi_jet (67%),multi_jet (57%)
555,500.0,8600.53,intermitent,,multi_jet (100%),multi_jet (92%)
556,500.0,8800.47,intermitent,,intermitent (95%),intermitent (52%)
557,500.0,9000.69,intermitent,,intermitent (65%),intermitent (42%)
558,600.0,3001.0,dripping,,dripping (96%),dripping (58%)
559,600.0,3201.03,dripping,,dripping (100%),dripping (81%)
560,600.0,3400.91,dripping,,intermitent (93%),dripping (63%)
561,600.0,3600.82,dripping,,dripping (53%),dripping (61%)
562,600.0,3800.79,dripping,,dripping (51%),dripping (49%)
563,600.0,4001.0,dripping,,intermitent (100%),intermitent (80%)
564,600.0,4200.9,dripping,,intermitent (97%),intermitent (66%)
565,600.0,4400.93,multi_jet,,dripping (80%),dripping (55%)
566,600.0,4600.83,unconclusive,,intermitent (99%),intermitent (61%)
567,600.0,4800.74,dripping,,dripping (86%),dripping (51%)
568,600.0,5000.99,dripping,,intermitent (96%),intermitent (59%)
569,600.0,5200.95,dripping,,dripping (92%),dripping (66%)
570,600.0,5400.78,dripping,,dripping (49%),dripping (53%)
571,600.0,5600.73,dripping,,multi_jet (64%),intermitent (48%)
572,600.0,5800.74,dripping,,dripping (80%),dripping (55%)
573,600.0,6000.96,dripping,,intermitent (93%),intermitent (55%)
574,600.0,6200.89,dripping,,intermitent (75%),intermitent (47%)
575,600.0,6400.82,dripping,,intermitent (98%),intermitent (55%)
576,600.0,6600.7,unconclusive,,intermitent (96%),intermitent (46%)
577,600.0,6800.6,dripping,,intermitent (86%),intermitent (49%)
578,600.0,7000.92,multi_jet,,intermitent (87%),intermitent (48%)
579,600.0,7200.88,dripping,,intermitent (98%),intermitent (50%)
580,600.0,7400.76,unconclusive,,intermitent (97%),intermitent (50%)
581,600.0,7600.65,dripping,,intermitent (98%),intermitent (49%)
582,600.0,7800.56,unconclusive,,intermitent (49%),intermitent (42%)
583,600.0,8000.71,unconclusive,,intermitent (95%),intermitent (42%)
584,600.0,8200.75,intermitent,,intermitent (99%),intermitent (52%)
585,600.0,8400.69,intermitent,,intermitent (98%),intermitent (56%)
586,600.0,8600.52,intermitent,,multi_jet (93%),multi_jet (61%)
587,600.0,8800.46,intermitent,,multi_jet (96%),multi_jet (58%)
588,600.0,9000.68,intermitent,,multi_jet (90%),multi_jet (58%)
589,700.0,3001.21,dripping,,dripping (100%),dripping (66%)
590,700.0,3201.12,dripping,,dripping (56%),dripping (52%)
591,700.0,3400.99,dripping,,dripping (69%),dripping (64%)
592,700.0,3600.87,dripping,,intermitent (100%),intermitent (79%)
593,700.0,3800.86,dripping,,intermitent (100%),intermitent (83%)
594,700.0,4001.05,dripping,,intermitent (53%),dripping (62%)
595,700.0,4200.91,dripping,,intermitent (100%),intermitent (73%)
596,700.0,4400.99,dripping,,dripping (62%),dripping (48%)
597,700.0,4600.88,intermitent,,dripping (86%),dripping (44%)
598,700.0,4800.75,dripping,,intermitent (95%),intermitent (59%)
599,700.0,5001.0,dripping,,dripping (87%),dripping (56%)
600,700.0,5200.97,dripping,,dripping (85%),dripping (52%)
601,700.0,5400.79,dripping,,intermitent (80%),intermitent (49%)
602,700.0,5600.76,dripping,,intermitent (94%),intermitent (52%)
603,700.0,5800.74,dripping,,multi_jet (49%),intermitent (46%)
604,700.0,6000.95,unconclusive,,intermitent (97%),intermitent (52%)
605,700.0,6200.89,intermitent,,multi_jet (65%),intermitent (48%)
606,700.0,6400.82,intermitent,,intermitent (92%),intermitent (44%)
607,700.0,6600.71,intermitent,,intermitent (97%),intermitent (46%)
608,700.0,6800.63,intermitent,,intermitent (69%),dripping (41%)
609,700.0,7000.94,intermitent,,intermitent (98%),intermitent (51%)
610,700.0,7200.89,intermitent,,intermitent (97%),intermitent (55%)
611,700.0,7400.77,intermitent,,multi_jet (79%),multi_jet (61%)
612,700.0,7600.68,intermitent,,intermitent (94%),intermitent (53%)
613,700.0,7800.61,intermitent,,multi_jet (99%),multi_jet (87%)
614,700.0,8000.74,intermitent,,multi_jet (69%),multi_jet (71%)
615,700.0,8200.75,intermitent,,multi_jet (100%),multi_jet (61%)
616,700.0,8400.69,intermitent,,multi_jet (100%),multi_jet (93%)
617,700.0,8600.54,intermitent,,multi_jet (99%),multi_jet (100%)
618,700.0,8800.47,intermitent,,multi_jet (87%),multi_jet (67%)
619,700.0,9000.67,intermitent,,multi_jet (98%),multi_jet (96%)
620,800.0,3001.18,dripping,,dripping (97%),dripping (54%)
621,800.0,3201.1,multi_jet,,intermitent (100%),intermitent (75%)
622,800.0,3400.99,dripping,,intermitent (100%),intermitent (79%)
623,800.0,3600.89,dripping,,intermitent (99%),intermitent (60%)
624,800.0,3800.88,dripping,,intermitent (70%),dripping (49%)
625,800.0,4001.04,dripping,,intermitent (99%),intermitent (71%)
626,800.0,4200.95,dripping,,dripping (67%),dripping (53%)
627,800.0,4400.98,dripping,,dripping (96%),dripping (68%)
628,800.0,4600.87,dripping,,dripping (90%),dripping (53%)
629,800.0,4800.75,dripping,,dripping (49%),dripping (58%)
630,800.0,5001.01,dripping,,dripping (90%),dripping (57%)
631,800.0,5200.98,dripping,,intermitent (77%),intermitent (40%)
632,800.0,5400.82,dripping,,intermitent (97%),intermitent (51%)
633,800.0,5600.74,dripping,,multi_jet (61%),intermitent (45%)
634,800.0,5800.77,dripping,,intermitent (78%),dripping (40%)
635,800.0,6000.96,dripping,,intermitent (89%),intermitent (47%)
636,800.0,6200.91,dripping,,intermitent (95%),dripping (51%)
637,800.0,6400.84,unconclusive,,intermitent (96%),dripping (43%)
638,800.0,6600.72,dripping,,intermitent (80%),intermitent (43%)
639,800.0,6800.66,dripping,,intermitent (65%),intermitent (41%)
640,800.0,7000.98,dripping,,intermitent (81%),intermitent (42%)
641,800.0,7200.88,dripping,,intermitent (93%),intermitent (44%)
642,800.0,7400.76,dripping,,intermitent (97%),intermitent (52%)
643,800.0,7600.69,dripping,,intermitent (99%),intermitent (57%)
644,800.0,7800.58,dripping,,intermitent (99%),intermitent (58%)
645,800.0,8000.73,dripping,,intermitent (98%),intermitent (50%)
646,800.0,8200.76,dripping,,intermitent (95%),intermitent (54%)
647,800.0,8400.71,unconclusive,,intermitent (97%),dripping (44%)
648,800.0,8600.54,multi_jet,,intermitent (92%),intermitent (47%)
649,800.0,8800.48,unconclusive,,intermitent (97%),intermitent (51%)
650,800.0,9000.68,multi_jet,,intermitent (88%),intermitent (49%)
651,900.0,3001.05,dripping,,dripping (97%),dripping (74%)
652,900.0,3201.05,dripping,,dripping (58%),dripping (56%)
653,900.0,3400.97,dripping,,dripping (94%),dripping (59%)
654,900.0,3600.85,dripping,,intermitent (72%),dripping (60%)
655,900.0,3800.81,dripping,,intermitent (100%),intermitent (80%)
656,900.0,4001.04,dripping,,dripping (73%),dripping (65%)
657,900.0,4200.94,dripping,,dripping (66%),dripping (60%)
658,900.0,4400.97,dripping,,intermitent (97%),intermitent (65%)
659,900.0,4600.86,unconclusive,,dripping (92%),dripping (73%)
660,900.0,4800.74,dripping,,dripping (57%),dripping (54%)
661,900.0,5001.02,dripping,,dripping (69%),dripping (57%)
662,900.0,5200.96,dripping,,intermitent (47%),dripping (45%)
663,900.0,5400.81,dripping,,intermitent (88%),intermitent (52%)
664,900.0,5600.75,intermitent,,intermitent (58%),intermitent (46%)
665,900.0,5800.76,unconclusive,,intermitent (83%),intermitent (45%)
666,900.0,6000.97,unconclusive,,intermitent (57%),intermitent (44%)
667,900.0,6200.88,intermitent,,intermitent (92%),intermitent (48%)
668,900.0,6400.83,intermitent,,multi_jet (74%),multi_jet (52%)
669,900.0,6600.7,intermitent,,multi_jet (86%),multi_jet (49%)
670,900.0,6800.64,intermitent,,intermitent (95%),intermitent (48%)
671,900.0,7000.95,intermitent,,multi_jet (99%),multi_jet (84%)
672,900.0,7200.89,intermitent,,multi_jet (99%),multi_jet (64%)
673,900.0,7400.79,intermitent,,multi_jet (100%),multi_jet (95%)
674,900.0,7600.66,intermitent,,multi_jet (100%),multi_jet (97%)
675,900.0,7800.57,multi_jet,,multi_jet (100%),multi_jet (95%)
676,900.0,8000.7,unconclusive,,multi_jet (100%),multi_jet (99%)
677,900.0,8200.74,unconclusive,,multi_jet (100%),multi_jet (100%)
678,900.0,8400.68,intermitent,,multi_jet (100%),multi_jet (100%)
679,900.0,8600.53,unconclusive,,multi_jet (100%),multi_jet (100%)
680,900.0,8800.46,intermitent,,multi_jet (100%),multi_jet (100%)
681,900.0,9000.68,intermitent,,multi_jet (100%),multi_jet (100%)
682,1000.0,3001.17,dripping,,dripping (100%),dripping (55%)
683,1000.0,3201.1,dripping,,dripping (100%),dripping (84%)
684,1000.0,3400.99,dripping,,dripping (79%),dripping (76%)
685,1000.0,3600.86,dripping,,dripping (91%),dripping (68%)
686,1000.0,3800.82,dripping,,intermitent (92%),intermitent (56%)
687,1000.0,4001.03,dripping,,intermitent (99%),intermitent (78%)
688,1000.0,4200.93,dripping,,intermitent (56%),dripping (62%)
689,1000.0,4400.98,dripping,,intermitent (87%),intermitent (39%)
690,1000.0,4600.87,dripping,,intermitent (97%),intermitent (66%)
691,1000.0,4800.75,intermitent,,intermitent (81%),intermitent (49%)
692,1000.0,5000.97,intermitent,,dripping (87%),dripping (48%)
693,1000.0,5200.96,intermitent,,dripping (92%),dripping (56%)
694,1000.0,5400.8,unconclusive,,intermitent (91%),intermitent (51%)
695,1000.0,5600.77,intermitent,,dripping (96%),dripping (71%)
696,1000.0,5800.76,intermitent,,intermitent (75%),intermitent (47%)
697,1000.0,6000.97,intermitent,,dripping (81%),dripping (64%)
698,1000.0,6200.89,intermitent,,intermitent (88%),intermitent (44%)
699,1000.0,6400.82,intermitent,,intermitent (97%),intermitent (43%)
700,1000.0,6600.72,unconclusive,,multi_jet (95%),multi_jet (63%)
701,1000.0,6800.64,intermitent,,multi_jet (100%),multi_jet (89%)
702,1000.0,7000.93,intermitent,,multi_jet (100%),multi_jet (96%)
703,1000.0,7200.89,intermitent,,multi_jet (100%),multi_jet (95%)
704,1000.0,7400.79,intermitent,,multi_jet (99%),multi_jet (63%)
705,1000.0,7600.69,dripping,,multi_jet (100%),multi_jet (95%)
706,1000.0,7800.59,multi_jet,,multi_jet (100%),multi_jet (95%)
707,1000.0,8000.68,multi_jet,,multi_jet (100%),multi_jet (95%)
708,1000.0,8200.74,unconclusive,,multi_jet (99%),multi_jet (100%)
709,1000.0,8400.68,multi_jet,,multi_jet (99%),multi_jet (100%)
710,1000.0,8600.51,multi_jet,,multi_jet (100%),multi_jet (99%)
711,1000.0,8800.45,multi_jet,,multi_jet (100%),multi_jet (97%)
712,1000.0,9000.65,multi_jet,,multi_jet (100%),multi_jet (95%)
713,7.0,3001.11,dripping,,dripping (100%),dripping (84%)
714,7.0,3201.1,dripping,,dripping (70%),intermitent (57%)
715,7.0,3400.99,intermitent,,dripping (93%),dripping (64%)
716,7.0,3600.9,intermitent,,dripping (97%),dripping (58%)
717,7.0,3800.87,intermitent,,intermitent (100%),intermitent (81%)
718,7.0,4001.06,intermitent,,intermitent (100%),intermitent (66%)
719,7.0,4200.97,intermitent,,intermitent (74%),dripping (51%)
720,7.0,4401.0,intermitent,,dripping (53%),intermitent (37%)
721,7.0,4600.88,intermitent,,intermitent (100%),intermitent (58%)
722,7.0,4800.79,cone_jet,,cone_jet (82%),cone_jet (48%)
723,7.0,5001.02,cone_jet,,cone_jet (82%),cone_jet (44%)
724,7.0,5201.0,cone_jet,,multi_jet (48%),cone_jet (36%)
725,7.0,5400.87,undefined,,intermitent (48%),cone_jet (44%)
726,7.0,5600.81,undefined,,multi_jet (88%),multi_jet (40%)
727,7.0,5800.81,multi_jet,,cone_jet (53%),multi_jet (41%)
728,7.0,6001.0,multi_jet,,cone_jet (93%),cone_jet (48%)
729,7.0,6200.95,multi_jet,,cone_jet (84%),cone_jet (47%)
730,7.0,6400.87,multi_jet,,multi_jet (72%),multi_jet (51%)
731,7.0,6600.75,multi_jet,,multi_jet (100%),multi_jet (97%)
732,7.0,6800.69,multi_jet,,multi_jet (100%),multi_jet (99%)
733,7.0,7001.01,multi_jet,,multi_jet (100%),multi_jet (99%)
734,7.0,7200.92,multi_jet,,multi_jet (100%),multi_jet (100%)
735,7.0,7400.82,multi_jet,,multi_jet (100%),multi_jet (100%)
736,7.0,7600.72,multi_jet,,multi_jet (100%),multi_jet (100%)
737,7.0,7800.63,multi_jet,,multi_jet (100%),multi_jet (100%)
738,7.0,8000.78,multi_jet,,multi_jet (100%),multi_jet (100%)
739,7.0,8200.81,multi_jet,,multi_jet (100%),multi_jet (100%)
740,7.0,8400.75,multi_jet,,multi_jet (100%),multi_jet (100%)
741,7.0,8600.57,multi_jet,,multi_jet (100%),multi_jet (100%)
742,7.0,8800.52,multi_jet,,multi_jet (100%),multi_jet (100%)
743,7.0,9000.72,multi_jet,,multi_jet (100%),multi_jet (100%)
744,8.0,3001.2,dripping,,dripping (98%),intermitent (55%)
745,8.0,3201.15,dripping,,dripping (100%),dripping (89%)
746,8.0,3401.01,intermitent,,intermitent (100%),intermitent (69%)
747,8.0,3600.88,intermitent,,intermitent (100%),intermitent (83%)
748,8.0,3800.88,intermitent,,intermitent (100%),intermitent (68%)
749,8.0,4001.09,intermitent,,intermitent (99%),intermitent (67%)
750,8.0,4200.96,intermitent,,intermitent (100%),intermitent (80%)
751,8.0,4401.02,intermitent,,intermitent (100%),intermitent (72%)
752,8.0,4600.89,intermitent,,cone_jet (42%),intermitent (38%)
753,8.0,4800.8,intermitent,,cone_jet (87%),intermitent (34%)
754,8.0,5001.05,intermitent,,cone_jet (58%),cone_jet (50%)
755,8.0,5200.99,cone_jet,,multi_jet (45%),cone_jet (41%)
756,8.0,5400.83,cone_jet,,cone_jet (66%),cone_jet (41%)
757,8.0,5600.8,undefined,,multi_jet (85%),multi_jet (43%)
758,8.0,5800.81,undefined,,multi_jet (65%),multi_jet (61%)
759,8.0,6001.03,multi_jet,,multi_jet (94%),multi_jet (75%)
760,8.0,6200.95,multi_jet,,multi_jet (84%),multi_jet (53%)
761,8.0,6400.85,multi_jet,,multi_jet (87%),multi_jet (53%)
762,8.0,6600.75,multi_jet,,multi_jet (74%),multi_jet (63%)
763,8.0,6800.66,multi_jet,,multi_jet (100%),multi_jet (99%)
764,8.0,7000.99,multi_jet,,multi_jet (100%),multi_jet (99%)
765,8.0,7200.93,multi_jet,,multi_jet (100%),multi_jet (100%)
766,8.0,7400.81,multi_jet,,multi_jet (100%),multi_jet (99%)
767,8.0,7600.71,multi_jet,,multi_jet (100%),multi_jet (100%)
768,8.0,7800.63,multi_jet,,multi_jet (100%),multi_jet (100%)
769,8.0,8000.78,multi_jet,,multi_jet (100%),multi_jet (99%)
770,8.0,8200.79,multi_jet,,multi_jet (100%),multi_jet (99%)
771,8.0,8400.73,multi_jet,,multi_jet (100%),multi_jet (100%)
772,8.0,8600.57,multi_jet,,multi_jet (100%),multi_jet (98%)
773,8.0,8800.5,multi_jet,,multi_jet (100%),multi_jet (100%)
774,8.0,9000.71,multi_jet,,multi_jet (100%),multi_jet (100%)
775,9.0,3001.21,dripping,,dripping (100%),dripping (79%)
776,9.0,3201.12,dripping,,intermitent (99%),intermitent (72%)
777,9.0,3401.01,intermitent,,intermitent (99%),intermitent (74%)
778,9.0,3600.91,intermitent,,intermitent (100%),intermitent (81%)
779,9.0,3800.87,intermitent,,dripping (75%),dripping (66%)
780,9.0,4001.06,undefined,,intermitent (99%),intermitent (60%)
781,9.0,4200.97,undefined,,intermitent (100%),intermitent (74%)
782,9.0,4401.04,undefined,,intermitent (98%),intermitent (52%)
783,9.0,4600.9,cone_jet,,intermitent (82%),intermitent (40%)
784,9.0,4800.82,cone_jet,,intermitent (76%),intermitent (36%)
785,9.0,5001.06,cone_jet,,intermitent (87%),intermitent (38%)
786,9.0,5201.01,cone_jet,,intermitent (89%),cone_jet (47%)
787,9.0,5400.86,cone_jet,,cone_jet (40%),cone_jet (45%)
788,9.0,5600.8,multi_jet,,cone_jet (86%),cone_jet (54%)
789,9.0,5800.81,multi_jet,,cone_jet (42%),cone_jet (44%)
790,9.0,6000.99,multi_jet,,multi_jet (99%),multi_jet (82%)
791,9.0,6200.96,multi_jet,,cone_jet (64%),cone_jet (43%)
792,9.0,6400.86,multi_jet,,multi_jet (100%),multi_jet (89%)
793,9.0,6600.76,multi_jet,,multi_jet (100%),multi_jet (98%)
794,9.0,6800.69,multi_jet,,multi_jet (99%),multi_jet (67%)
795,9.0,7001.0,multi_jet,,multi_jet (100%),multi_jet (99%)
796,9.0,7200.97,multi_jet,,multi_jet (100%),multi_jet (100%)
797,9.0,7400.83,multi_jet,,multi_jet (100%),multi_jet (98%)
798,9.0,7600.73,multi_jet,,multi_jet (100%),multi_jet (100%)
799,9.0,7800.65,multi_jet,,multi_jet (100%),multi_jet (100%)
800,9.0,8000.76,multi_jet,,multi_jet (100%),multi_jet (100%)
801,9.0,8200.81,multi_jet,,multi_jet (100%),multi_jet (100%)
802,9.0,8400.75,multi_jet,,multi_jet (100%),multi_jet (100%)
803,9.0,8600.59,multi_jet,,multi_jet (100%),multi_jet (99%)
804,9.0,8800.52,multi_jet,,multi_jet (100%),multi_jet (100%)
805,9.0,9000.72,multi_jet,,multi_jet (100%),multi_jet (94%)
806,10.0,3001.07,dripping,,dripping (100%),dripping (76%)
807,10.0,3201.08,dripping,,intermitent (99%),intermitent (72%)
808,10.0,3400.95,intermitent,,intermitent (100%),intermitent (76%)
809,10.0,3600.88,intermitent,,intermitent (100%),intermitent (79%)
810,10.0,3800.86,intermitent,,dripping (90%),dripping (77%)
811,10.0,4001.06,intermitent,,intermitent (93%),intermitent (44%)
812,10.0,4200.93,intermitent,,intermitent (99%),intermitent (75%)
813,10.0,4400.99,intermitent,,intermitent (91%),intermitent (49%)
814,10.0,4600.89,intermitent,,intermitent (100%),intermitent (64%)
815,10.0,4800.8,intermitent,,dripping (66%),dripping (54%)
816,10.0,5001.03,cone_jet,,intermitent (84%),intermitent (35%)
817,10.0,5200.99,undefined,,intermitent (80%),cone_jet (42%)
818,10.0,5400.85,multi_jet,,intermitent (92%),intermitent (44%)
819,10.0,5600.78,multi_jet,,multi_jet (54%),cone_jet (43%)
820,10.0,5800.78,multi_jet,,cone_jet (70%),cone_jet (42%)
821,10.0,6000.98,multi_jet,,cone_jet (67%),cone_jet (43%)
822,10.0,6200.91,multi_jet,,cone_jet (53%),cone_jet (58%)
823,10.0,6400.86,multi_jet,,cone_jet (68%),cone_jet (47%)
824,10.0,6600.73,multi_jet,,multi_jet (100%),multi_jet (97%)
825,10.0,6800.65,multi_jet,,multi_jet (100%),multi_jet (99%)
826,10.0,7000.97,multi_jet,,multi_jet (100%),multi_jet (100%)
827,10.0,7200.91,multi_jet,,multi_jet (100%),multi_jet (99%)
828,10.0,7400.8,multi_jet,,multi_jet (100%),multi_jet (100%)
829,10.0,7600.71,multi_jet,,multi_jet (100%),multi_jet (100%)
830,10.0,7800.62,multi_jet,,multi_jet (100%),multi_jet (100%)
831,10.0,8000.75,multi_jet,,multi_jet (100%),multi_jet (100%)
832,10.0,8200.78,multi_jet,,multi_jet (100%),multi_jet (100%)
833,10.0,8400.71,multi_jet,,multi_jet (100%),multi_jet (100%)
834,10.0,8600.54,multi_jet,,multi_jet (100%),multi_jet (99%)
835,10.0,8800.46,multi_jet,,multi_jet (100%),multi_jet (100%)
836,10.0,9000.68,multi_jet,,multi_jet (100%),multi_jet (100%)
837,11.0,3001.19,dripping,,intermitent (95%),intermitent (74%)
838,11.0,3201.11,dripping,,dripping (99%),dripping (59%)
839,11.0,3400.97,intermitent,,intermitent (100%),intermitent (71%)
840,11.0,3600.86,intermitent,,intermitent (99%),intermitent (78%)
841,11.0,3800.83,intermitent,,intermitent (100%),intermitent (61%)
842,11.0,4001.05,intermitent,,intermitent (100%),intermitent (69%)
843,11.0,4200.92,intermitent,,intermitent (92%),dripping (47%)
844,11.0,4401.0,intermitent,,dripping (41%),dripping (35%)
845,11.0,4600.86,intermitent,,intermitent (59%),dripping (42%)
846,11.0,4800.74,intermitent,,cone_jet (57%),dripping (43%)
847,11.0,5001.0,intermitent,,intermitent (96%),intermitent (37%)
848,11.0,5200.97,cone_jet,,intermitent (58%),cone_jet (47%)
849,11.0,5400.8,undefined,,cone_jet (49%),cone_jet (36%)
850,11.0,5600.78,undefined,,multi_jet (98%),multi_jet (49%)
851,11.0,5800.77,multi_jet,,cone_jet (82%),cone_jet (56%)
852,11.0,6000.98,multi_jet,,cone_jet (82%),cone_jet (40%)
853,11.0,6200.92,multi_jet,,multi_jet (79%),multi_jet (42%)
854,11.0,6400.86,multi_jet,,multi_jet (100%),multi_jet (76%)
855,11.0,6600.75,multi_jet,,multi_jet (100%),multi_jet (97%)
856,11.0,6800.67,multi_jet,,multi_jet (100%),multi_jet (99%)
857,11.0,7000.97,multi_jet,,multi_jet (100%),multi_jet (100%)
858,11.0,7200.91,multi_jet,,multi_jet (100%),multi_jet (97%)
859,11.0,7400.8,multi_jet,,multi_jet (100%),multi_jet (100%)
860,11.0,7600.7,multi_jet,,multi_jet (100%),multi_jet (99%)
861,11.0,7800.6,multi_jet,,multi_jet (100%),multi_jet (100%)
862,11.0,8000.75,multi_jet,,multi_jet (100%),multi_jet (100%)
863,11.0,8200.79,multi_jet,,multi_jet (100%),multi_jet (99%)
864,11.0,8400.72,multi_jet,,multi_jet (100%),multi_jet (100%)
865,11.0,8600.56,multi_jet,,multi_jet (100%),multi_jet (100%)
866,11.0,8800.48,multi_jet,,multi_jet (100%),multi_jet (100%)
867,11.0,9000.7,multi_jet,,multi_jet (100%),multi_jet (100%)
868,12.0,3001.21,dripping,,intermitent (98%),intermitent (74%)
869,12.0,3201.13,dripping,,intermitent (100%),intermitent (75%)
870,12.0,3401.0,intermitent,,dripping (100%),dripping (88%)
871,12.0,3600.89,intermitent,,dripping (82%),dripping (60%)
872,12.0,3800.88,intermitent,,intermitent (100%),intermitent (80%)
873,12.0,4001.06,intermitent,,intermitent (100%),intermitent (73%)
874,12.0,4200.95,intermitent,,intermitent (83%),dripping (50%)
875,12.0,4401.02,intermitent,,dripping (75%),dripping (62%)
876,12.0,4600.92,intermitent,,intermitent (100%),intermitent (70%)
877,12.0,4800.79,intermitent,,intermitent (100%),intermitent (67%)
878,12.0,5001.04,intermitent,,intermitent (96%),intermitent (35%)
879,12.0,5200.98,cone_jet,,intermitent (82%),cone_jet (44%)
880,12.0,5400.84,undefined,,intermitent (77%),cone_jet (49%)
881,12.0,5600.79,multi_jet,,intermitent (50%),cone_jet (46%)
882,12.0,5800.8,multi_jet,,cone_jet (48%),cone_jet (45%)
883,12.0,6000.98,multi_jet,,multi_jet (90%),cone_jet (43%)
884,12.0,6200.93,multi_jet,,multi_jet (74%),cone_jet (48%)
885,12.0,6400.87,multi_jet,,multi_jet (79%),multi_jet (57%)
886,12.0,6600.73,multi_jet,,multi_jet (71%),multi_jet (58%)
887,12.0,6800.66,multi_jet,,multi_jet (100%),multi_jet (100%)
888,12.0,7000.99,multi_jet,,multi_jet (100%),multi_jet (100%)
889,12.0,7200.92,multi_jet,,multi_jet (100%),multi_jet (100%)
890,12.0,7400.8,multi_jet,,multi_jet (100%),multi_jet (100%)
891,12.0,7600.72,multi_jet,,multi_jet (100%),multi_jet (100%)
892,12.0,7800.61,multi_jet,,multi_jet (100%),multi_jet (100%)
893,12.0,8000.76,multi_jet,,multi_jet (100%),multi_jet (100%)
894,12.0,8200.81,multi_jet,,multi_jet (100%),multi_jet (100%)
895,12.0,8400.72,multi_jet,,multi_jet (100%),multi_jet (100%)
896,12.0,8600.57,multi_jet,,multi_jet (100%),multi_jet (100%)
897,12.0,8800.49,multi_jet,,multi_jet (100%),multi_jet (100%)
898,12.0,9000.72,multi_jet,,multi_jet (100%),multi_jet (100%)
899,13.0,3001.03,dripping,,intermitent (99%),intermitent (75%)
900,13.0,3201.04,dripping,,dripping (100%),dripping (87%)
901,13.0,3400.93,intermitent,,dripping (100%),dripping (86%)
902,13.0,3600.83,intermitent,,intermitent (100%),intermitent (76%)
903,13.0,3800.81,intermitent,,intermitent (100%),intermitent (73%)
904,13.0,4001.01,intermitent,,intermitent (99%),intermitent (65%)
905,13.0,4200.91,undefined,,intermitent (98%),intermitent (61%)
906,13.0,4400.98,intermitent,,intermitent (43%),dripping (40%)
907,13.0,4600.87,intermitent,,intermitent (100%),intermitent (66%)
908,13.0,4800.77,intermitent,,intermitent (100%),intermitent (65%)
909,13.0,5001.0,intermitent,,intermitent (70%),intermitent (48%)
910,13.0,5200.95,cone_jet,,intermitent (89%),intermitent (40%)
911,13.0,5400.83,cone_jet,,cone_jet (46%),cone_jet (48%)
912,13.0,5600.74,undefined,,cone_jet (40%),cone_jet (41%)
913,13.0,5800.79,multi_jet,,multi_jet (59%),multi_jet (40%)
914,13.0,6000.97,multi_jet,,cone_jet (69%),cone_jet (43%)
915,13.0,6200.9,multi_jet,,cone_jet (52%),cone_jet (46%)
916,13.0,6400.85,multi_jet,,multi_jet (78%),multi_jet (45%)
917,13.0,6600.73,multi_jet,,multi_jet (66%),multi_jet (48%)
918,13.0,6800.65,multi_jet,,multi_jet (100%),multi_jet (100%)
919,13.0,7000.96,multi_jet,,multi_jet (100%),multi_jet (95%)
920,13.0,7200.91,multi_jet,,multi_jet (100%),multi_jet (100%)
921,13.0,7400.77,multi_jet,,multi_jet (100%),multi_jet (100%)
922,13.0,7600.67,multi_jet,,multi_jet (100%),multi_jet (100%)
923,13.0,7800.6,multi_jet,,multi_jet (100%),multi_jet (100%)
924,13.0,8000.73,multi_jet,,multi_jet (100%),multi_jet (100%)
925,13.0,8200.74,multi_jet,,multi_jet (100%),multi_jet (100%)
926,13.0,8400.72,multi_jet,,multi_jet (100%),multi_jet (100%)
927,13.0,8600.57,multi_jet,,multi_jet (100%),multi_jet (100%)
928,13.0,8800.47,multi_jet,,multi_jet (100%),multi_jet (100%)
929,13.0,9000.72,multi_jet,,multi_jet (100%),multi_jet (100%)
930,15.0,3001.19,dripping,,intermitent (97%),intermitent (80%)
931,15.0,3201.13,dripping,,dripping (100%),dripping (64%)
932,15.0,3401.0,intermitent,,dripping (55%),intermitent (62%)
933,15.0,3600.91,intermitent,,intermitent (100%),intermitent (85%)
934,15.0,3800.87,intermitent,,intermitent (100%),intermitent (80%)
935,15.0,4001.07,intermitent,,dripping (89%),dripping (62%)
936,15.0,4200.95,intermitent,,dripping (93%),dripping (55%)
937,15.0,4401.02,intermitent,,intermitent (100%),intermitent (74%)
938,15.0,4600.87,intermitent,,intermitent (100%),intermitent (80%)
939,15.0,4800.77,intermitent,,intermitent (93%),intermitent (60%)
940,15.0,5001.02,intermitent,,intermitent (77%),intermitent (55%)
941,15.0,5200.96,cone_jet,,intermitent (97%),multi_jet (36%)
942,15.0,5400.83,undefined,,multi_jet (78%),intermitent (40%)
943,15.0,5600.79,undefined,,multi_jet (99%),multi_jet (78%)
944,15.0,5800.79,multi_jet,,cone_jet (39%),multi_jet (48%)
945,15.0,6000.98,multi_jet,,multi_jet (92%),multi_jet (44%)
946,15.0,6200.92,multi_jet,,multi_jet (99%),multi_jet (84%)
947,15.0,6400.84,multi_jet,,cone_jet (70%),cone_jet (48%)
948,15.0,6600.74,multi_jet,,multi_jet (100%),multi_jet (98%)
949,15.0,6800.64,multi_jet,,multi_jet (100%),multi_jet (100%)
950,15.0,7000.99,multi_jet,,multi_jet (100%),multi_jet (100%)
951,15.0,7200.93,multi_jet,,multi_jet (100%),multi_jet (100%)
952,15.0,7400.82,multi_jet,,multi_jet (100%),multi_jet (100%)
953,15.0,7600.72,multi_jet,,multi_jet (100%),multi_jet (99%)
954,15.0,7800.63,multi_jet,,multi_jet (100%),multi_jet (100%)
955,15.0,8000.75,multi_jet,,multi_jet (100%),multi_jet (100%)
956,15.0,8200.78,multi_jet,,multi_jet (100%),multi_jet (100%)
957,15.0,8400.72,multi_jet,,multi_jet (100%),multi_jet (100%)
958,15.0,8600.55,multi_jet,,multi_jet (100%),multi_jet (100%)
959,15.0,8800.47,multi_jet,,multi_jet (100%),multi_jet (100%)
960,15.0,9000.69,multi_jet,,multi_jet (100%),multi_jet (100%)
961,18.0,3001.19,dripping,,dripping (95%),intermitent (62%)
962,18.0,3201.11,dripping,,dripping (100%),dripping (91%)
963,18.0,3400.99,intermitent,,intermitent (100%),intermitent (83%)
964,18.0,3600.87,intermitent,,intermitent (100%),intermitent (78%)
965,18.0,3800.86,intermitent,,intermitent (100%),intermitent (83%)
966,18.0,4001.04,intermitent,,intermitent (100%),intermitent (85%)
967,18.0,4200.92,intermitent,,intermitent (99%),intermitent (68%)
968,18.0,4400.98,intermitent,,intermitent (88%),intermitent (63%)
969,18.0,4600.85,intermitent,,intermitent (99%),multi_jet (39%)
970,18.0,4800.76,intermitent,,intermitent (100%),intermitent (73%)
971,18.0,5001.0,intermitent,,intermitent (64%),dripping (39%)
972,18.0,5200.95,cone_jet,,intermitent (95%),cone_jet (43%)
973,18.0,5400.82,cone_jet,,multi_jet (84%),intermitent (42%)
974,18.0,5600.76,multi_jet,,intermitent (79%),intermitent (40%)
975,18.0,5800.76,multi_jet,,multi_jet (100%),multi_jet (78%)
976,18.0,6000.95,multi_jet,,multi_jet (99%),multi_jet (87%)
977,18.0,6200.9,multi_jet,,multi_jet (73%),multi_jet (49%)
978,18.0,6400.84,multi_jet,,multi_jet (100%),multi_jet (87%)
979,18.0,6600.71,multi_jet,,multi_jet (100%),multi_jet (90%)
980,18.0,6800.65,multi_jet,,multi_jet (100%),multi_jet (99%)
981,18.0,7000.96,multi_jet,,multi_jet (100%),multi_jet (100%)
982,18.0,7200.91,multi_jet,,multi_jet (100%),multi_jet (100%)
983,18.0,7400.77,multi_jet,,multi_jet (100%),multi_jet (100%)
984,18.0,7600.67,multi_jet,,multi_jet (100%),multi_jet (100%)
985,18.0,7800.59,multi_jet,,multi_jet (100%),multi_jet (100%)
986,18.0,8000.72,multi_jet,,multi_jet (100%),multi_jet (99%)
987,18.0,8200.78,multi_jet,,multi_jet (100%),multi_jet (100%)
988,18.0,8400.69,multi_jet,,multi_jet (100%),multi_jet (100%)
989,18.0,8600.55,multi_jet,,multi_jet (100%),multi_jet (100%)
990,18.0,8800.46,multi_jet,,multi_jet (100%),multi_jet (100%)
991,18.0,9000.7,multi_jet,,multi_jet (100%),multi_jet (100%)
992,20.0,3001.03,dripping,,dripping (100%),intermitent (54%)
993,20.0,3201.04,dripping,,dripping (99%),dripping (64%)
994,20.0,3400.95,intermitent,,dripping (74%),dripping (52%)
995,20.0,3600.83,intermitent,,intermitent (100%),intermitent (83%)
996,20.0,3800.83,intermitent,,dripping (96%),dripping (61%)
997,20.0,4001.01,intermitent,,dripping (62%),dripping (66%)
998,20.0,4200.92,intermitent,,intermitent (100%),intermitent (54%)
999,20.0,4400.96,intermitent,,intermitent (100%),intermitent (56%)
1000,20.0,4600.83,intermitent,,intermitent (94%),intermitent (48%)
1001,20.0,4800.74,intermitent,,intermitent (95%),intermitent (56%)
1002,20.0,5000.98,intermitent,,intermitent (100%),intermitent (76%)
1003,20.0,5200.92,intermitent,,intermitent (100%),intermitent (73%)
1004,20.0,5400.8,cone_jet,,multi_jet (43%),intermitent (37%)
1005,20.0,5600.73,cone_jet,,multi_jet (86%),multi_jet (43%)
1006,20.0,5800.76,cone_jet,,cone_jet (53%),multi_jet (41%)
1007,20.0,6000.93,multi_jet,,multi_jet (82%),multi_jet (66%)
1008,20.0,6200.89,multi_jet,,multi_jet (84%),multi_jet (54%)
1009,20.0,6400.83,multi_jet,,multi_jet (98%),multi_jet (81%)
1010,20.0,6600.69,multi_jet,,multi_jet (100%),multi_jet (95%)
1011,20.0,6800.61,multi_jet,,multi_jet (100%),multi_jet (93%)
1012,20.0,7000.92,multi_jet,,multi_jet (92%),multi_jet (58%)
1013,20.0,7200.88,multi_jet,,multi_jet (100%),multi_jet (100%)
1014,20.0,7400.74,multi_jet,,multi_jet (100%),multi_jet (97%)
1015,20.0,7600.65,multi_jet,,multi_jet (100%),multi_jet (100%)
1016,20.0,7800.55,multi_jet,,multi_jet (100%),multi_jet (100%)
1017,20.0,8000.7,multi_jet,,multi_jet (100%),multi_jet (100%)
1018,20.0,8200.74,multi_jet,,multi_jet (100%),multi_jet (100%)
1019,20.0,8400.66,multi_jet,,multi_jet (100%),multi_jet (99%)
1020,20.0,8600.5,multi_jet,,multi_jet (100%),multi_jet (100%)
1021,20.0,8800.41,multi_jet,,multi_jet (100%),multi_jet (100%)
1022,20.0,9000.66,multi_jet,,multi_jet (100%),multi_jet (99%)
1023,23.0,3001.18,dripping,,intermitent (56%),intermitent (70%)
1024,23.0,3201.08,dripping,,intermitent (100%),intermitent (83%)
1025,23.0,3400.96,intermitent,,intermitent (92%),intermitent (63%)
1026,23.0,3600.84,intermitent,,intermitent (100%),intermitent (76%)
1027,23.0,3800.82,intermitent,,intermitent (100%),intermitent (64%)
1028,23.0,4001.0,intermitent,,intermitent (100%),intermitent (54%)
1029,23.0,4200.9,intermitent,,intermitent (100%),intermitent (50%)
1030,23.0,4400.94,intermitent,,intermitent (99%),intermitent (67%)
1031,23.0,4600.83,intermitent,,intermitent (96%),intermitent (64%)
1032,23.0,4800.71,intermitent,,dripping (93%),dripping (62%)
1033,23.0,5000.98,intermitent,,intermitent (100%),intermitent (70%)
1034,23.0,5200.92,intermitent,,dripping (77%),dripping (51%)
1035,23.0,5400.8,intermitent,,intermitent (89%),multi_jet (42%)
1036,23.0,5600.71,cone_jet,,intermitent (56%),multi_jet (47%)
1037,23.0,5800.72,undefined,,multi_jet (58%),multi_jet (76%)
1038,23.0,6000.95,undefined,,multi_jet (100%),multi_jet (90%)
1039,23.0,6200.85,multi_jet,,multi_jet (100%),multi_jet (89%)
1040,23.0,6400.78,multi_jet,,multi_jet (99%),multi_jet (85%)
1041,23.0,6600.68,multi_jet,,multi_jet (100%),multi_jet (93%)
1042,23.0,6800.6,multi_jet,,multi_jet (100%),multi_jet (96%)
1043,23.0,7000.9,multi_jet,,multi_jet (100%),multi_jet (94%)
1044,23.0,7200.86,multi_jet,,multi_jet (100%),multi_jet (97%)
1045,23.0,7400.74,multi_jet,,multi_jet (100%),multi_jet (100%)
1046,23.0,7600.63,multi_jet,,multi_jet (100%),multi_jet (100%)
1047,23.0,7800.54,multi_jet,,multi_jet (100%),multi_jet (99%)
1048,23.0,8000.65,multi_jet,,multi_jet (100%),multi_jet (100%)
1049,23.0,8200.69,multi_jet,,multi_jet (100%),multi_jet (99%)
1050,23.0,8400.64,multi_jet,,multi_jet (100%),multi_jet (100%)
1051,23.0,8600.49,multi_jet,,multi_jet (100%),multi_jet (100%)
1052,23.0,8800.37,multi_jet,,multi_jet (100%),multi_jet (100%)
1053,23.0,9000.62,multi_jet,,multi_jet (100%),multi_jet (100%)
1054,25.0,3001.15,dripping,,dripping (100%),dripping (65%)
1055,25.0,3201.07,dripping,,dripping (100%),dripping (61%)
1056,25.0,3400.94,intermitent,,dripping (98%),dripping (82%)
1057,25.0,3600.86,intermitent,,intermitent (100%),intermitent (82%)
1058,25.0,3800.85,intermitent,,dripping (98%),dripping (60%)
1059,25.0,4000.99,intermitent,,intermitent (100%),intermitent (82%)
1060,25.0,4200.88,intermitent,,intermitent (100%),intermitent (84%)
1061,25.0,4400.96,intermitent,,intermitent (99%),intermitent (37%)
1062,25.0,4600.85,intermitent,,intermitent (95%),intermitent (58%)
1063,25.0,4800.71,intermitent,,intermitent (95%),intermitent (48%)
1064,25.0,5000.96,intermitent,,intermitent (100%),intermitent (63%)
1065,25.0,5200.91,intermitent,,intermitent (74%),intermitent (59%)
1066,25.0,5400.76,intermitent,,multi_jet (44%),intermitent (48%)
1067,25.0,5600.73,cone_jet,,intermitent (51%),multi_jet (46%)
1068,25.0,5800.72,undefined,,intermitent (45%),multi_jet (52%)
1069,25.0,6000.91,undefined,,multi_jet (100%),multi_jet (63%)
1070,25.0,6200.85,undefined,,multi_jet (100%),multi_jet (90%)
1071,25.0,6400.78,multi_jet,,multi_jet (99%),multi_jet (87%)
1072,25.0,6600.67,multi_jet,,multi_jet (100%),multi_jet (92%)
1073,25.0,6800.58,multi_jet,,multi_jet (100%),multi_jet (94%)
1074,25.0,7000.9,multi_jet,,multi_jet (100%),multi_jet (97%)
1075,25.0,7200.84,multi_jet,,multi_jet (100%),multi_jet (95%)
1076,25.0,7400.74,multi_jet,,multi_jet (100%),multi_jet (100%)
1077,25.0,7600.65,multi_jet,,multi_jet (100%),multi_jet (100%)
1078,25.0,7800.54,multi_jet,,multi_jet (100%),multi_jet (100%)
1079,25.0,8000.66,multi_jet,,multi_jet (100%),multi_jet (100%)
1080,25.0,8200.71,multi_jet,,multi_jet (100%),multi_jet (95%)
1081,25.0,8400.65,multi_jet,,multi_jet (100%),multi_jet (100%)
1082,25.0,8600.48,multi_jet,,multi_jet (100%),multi_jet (100%)
1083,25.0,8800.38,multi_jet,,multi_jet (100%),multi_jet (100%)
1084,25.0,9000.63,multi_jet,,multi_jet (100%),multi_jet (100%)
1085,27.0,3001.0,dripping,,dripping (100%),dripping (66%)
1086,27.0,3201.01,dripping,,dripping (93%),dripping (70%)
1087,27.0,3400.89,intermitent,,intermitent (100%),intermitent (85%)
1088,27.0,3600.81,intermitent,,intermitent (100%),intermitent (84%)
1089,27.0,3800.78,intermitent,,dripping (98%),dripping (79%)
1090,27.0,4000.96,intermitent,,intermitent (100%),intermitent (79%)
1091,27.0,4200.86,intermitent,,intermitent (100%),intermitent (78%)
1092,27.0,4400.93,intermitent,,intermitent (100%),intermitent (76%)
1093,27.0,4600.81,undefined,,intermitent (80%),intermitent (60%)
1094,27.0,4800.67,intermitent,,intermitent (100%),multi_jet (45%)
1095,27.0,5000.94,intermitent,,intermitent (99%),intermitent (72%)
1096,27.0,5200.89,intermitent,,intermitent (100%),intermitent (74%)
1097,27.0,5400.74,undefined,,intermitent (95%),intermitent (47%)
1098,27.0,5600.68,undefined,,cone_jet (54%),intermitent (46%)
1099,27.0,5800.69,undefined,,intermitent (98%),multi_jet (58%)
1100,27.0,6000.89,multi_jet,,multi_jet (99%),multi_jet (89%)
1101,27.0,6200.83,multi_jet,,multi_jet (99%),multi_jet (74%)
1102,27.0,6400.75,multi_jet,,multi_jet (99%),multi_jet (86%)
1103,27.0,6600.63,multi_jet,,multi_jet (100%),multi_jet (94%)
1104,27.0,6800.56,multi_jet,,multi_jet (100%),multi_jet (94%)
1105,27.0,7000.89,multi_jet,,multi_jet (100%),multi_jet (100%)
1106,27.0,7200.84,multi_jet,,multi_jet (100%),multi_jet (100%)
1107,27.0,7400.72,multi_jet,,multi_jet (100%),multi_jet (100%)
1108,27.0,7600.62,multi_jet,,multi_jet (100%),multi_jet (99%)
1109,27.0,7800.55,multi_jet,,multi_jet (100%),multi_jet (100%)
1110,27.0,8000.67,multi_jet,,multi_jet (100%),multi_jet (100%)
1111,27.0,8200.71,multi_jet,,multi_jet (100%),multi_jet (100%)
1112,27.0,8400.62,multi_jet,,multi_jet (100%),multi_jet (100%)
1113,27.0,8600.5,multi_jet,,multi_jet (100%),multi_jet (100%)
1114,27.0,8800.39,multi_jet,,multi_jet (100%),multi_jet (99%)
1115,27.0,9000.62,multi_jet,,multi_jet (100%),multi_jet (100%)
1116,28.0,3001.15,dripping,,dripping (100%),intermitent (54%)
1117,28.0,3201.08,dripping,,dripping (100%),dripping (76%)
1118,28.0,3400.93,intermitent,,dripping (59%),dripping (61%)
1119,28.0,3600.8,intermitent,,dripping (69%),dripping (51%)
1120,28.0,3800.81,intermitent,,intermitent (100%),intermitent (85%)
1121,28.0,4000.99,undefined,,intermitent (100%),intermitent (72%)
1122,28.0,4200.88,undefined,,intermitent (100%),intermitent (73%)
1123,28.0,4400.94,undefined,,intermitent (100%),intermitent (51%)
1124,28.0,4600.83,undefined,,dripping (90%),dripping (70%)
1125,28.0,4800.72,undefined,,intermitent (100%),intermitent (84%)
1126,28.0,5000.98,undefined,,intermitent (99%),intermitent (55%)
1127,28.0,5200.94,undefined,,intermitent (75%),multi_jet (43%)
1128,28.0,5400.77,undefined,,intermitent (93%),intermitent (41%)
1129,28.0,5600.72,cone_jet,,multi_jet (66%),multi_jet (40%)
1130,28.0,5800.72,undefined,,multi_jet (54%),multi_jet (47%)
1131,28.0,6000.91,multi_jet,,multi_jet (92%),multi_jet (74%)
1132,28.0,6200.84,multi_jet,,multi_jet (98%),multi_jet (85%)
1133,28.0,6400.78,multi_jet,,multi_jet (99%),multi_jet (87%)
1134,28.0,6600.67,multi_jet,,multi_jet (100%),multi_jet (95%)
1135,28.0,6800.59,multi_jet,,multi_jet (100%),multi_jet (96%)
1136,28.0,7000.9,multi_jet,,multi_jet (100%),multi_jet (97%)
1137,28.0,7200.83,multi_jet,,multi_jet (100%),multi_jet (95%)
1138,28.0,7400.73,multi_jet,,multi_jet (100%),multi_jet (100%)
1139,28.0,7600.65,multi_jet,,multi_jet (100%),multi_jet (100%)
1140,28.0,7800.53,multi_jet,,multi_jet (100%),multi_jet (100%)
1141,28.0,8000.7,multi_jet,,multi_jet (100%),multi_jet (100%)
1142,28.0,8200.69,multi_jet,,multi_jet (100%),multi_jet (100%)
1143,28.0,8400.64,multi_jet,,multi_jet (100%),multi_jet (100%)
1144,28.0,8600.46,multi_jet,,multi_jet (100%),multi_jet (100%)
1145,28.0,8800.38,multi_jet,,multi_jet (100%),multi_jet (100%)
1146,28.0,9000.61,multi_jet,,multi_jet (100%),multi_jet (100%)
1147,30.0,3001.15,dripping,,dripping (100%),dripping (92%)
1148,30.0,3201.06,dripping,,dripping (97%),dripping (68%)
1149,30.0,3400.95,intermitent,,intermitent (100%),intermitent (88%)
1150,30.0,3600.84,intermitent,,dripping (75%),dripping (59%)
1151,30.0,3800.84,undefined,,intermitent (100%),intermitent (78%)
1152,30.0,4001.0,undefined,,intermitent (100%),intermitent (71%)
1153,30.0,4200.88,intermitent,,intermitent (100%),intermitent (80%)
1154,30.0,4400.94,undefined,,intermitent (99%),intermitent (66%)
1155,30.0,4600.85,undefined,,intermitent (100%),multi_jet (38%)
1156,30.0,4800.72,undefined,,intermitent (100%),intermitent (63%)
1157,30.0,5000.97,intermitent,,intermitent (99%),intermitent (40%)
1158,30.0,5200.92,undefined,,intermitent (84%),intermitent (40%)
1159,30.0,5400.78,undefined,,intermitent (57%),multi_jet (50%)
1160,30.0,5600.71,undefined,,intermitent (83%),multi_jet (46%)
1161,30.0,5800.7,undefined,,multi_jet (95%),multi_jet (76%)
1162,30.0,6000.89,undefined,,multi_jet (100%),multi_jet (92%)
1163,30.0,6200.84,multi_jet,,multi_jet (98%),multi_jet (87%)
1164,30.0,6400.76,multi_jet,,multi_jet (100%),multi_jet (92%)
1165,30.0,6600.66,multi_jet,,multi_jet (100%),multi_jet (94%)
1166,30.0,6800.55,multi_jet,,multi_jet (100%),multi_jet (95%)
1167,30.0,7000.93,multi_jet,,multi_jet (100%),multi_jet (97%)
1168,30.0,7200.82,multi_jet,,multi_jet (100%),multi_jet (97%)
1169,30.0,7400.72,multi_jet,,multi_jet (100%),multi_jet (97%)
1170,30.0,7600.59,multi_jet,,multi_jet (100%),multi_jet (100%)
1171,30.0,7800.52,multi_jet,,multi_jet (100%),multi_jet (100%)
1172,30.0,8000.66,multi_jet,,multi_jet (100%),multi_jet (100%)
1173,30.0,8200.69,multi_jet,,multi_jet (100%),multi_jet (100%)
1174,30.0,8400.61,multi_jet,,multi_jet (100%),multi_jet (100%)
1175,30.0,8600.46,multi_jet,,multi_jet (100%),multi_jet (100%)
1176,30.0,8800.35,multi_jet,,multi_jet (100%),multi_jet (100%)
1177,30.0,9000.61,multi_jet,,multi_jet (100%),multi_jet (100%)
1178,33.0,3000.97,dripping,,dripping (100%),dripping (65%)
1179,33.0,3200.98,dripping,,dripping (78%),dripping (51%)
1180,33.0,3400.89,intermitent,,dripping (99%),dripping (85%)
1181,33.0,3600.8,intermitent,,intermitent (100%),intermitent (83%)
1182,33.0,3800.76,undefined,,intermitent (100%),intermitent (77%)
1183,33.0,4000.94,undefined,,intermitent (99%),intermitent (81%)
1184,33.0,4200.85,undefined,,intermitent (99%),intermitent (81%)
1185,33.0,4400.9,cone_jet,,intermitent (99%),intermitent (64%)
1186,33.0,4600.78,cone_jet,,intermitent (95%),intermitent (67%)
1187,33.0,4800.68,cone_jet,,intermitent (94%),intermitent (59%)
1188,33.0,5000.92,cone_jet,,intermitent (93%),intermitent (37%)
1189,33.0,5200.9,cone_jet,,intermitent (69%),intermitent (50%)
1190,33.0,5400.72,multi_jet,,intermitent (58%),intermitent (54%)
1191,33.0,5600.68,multi_jet,,multi_jet (84%),multi_jet (37%)
1192,33.0,5800.68,multi_jet,,intermitent (90%),intermitent (61%)
1193,33.0,6000.87,multi_jet,,multi_jet (95%),multi_jet (51%)
1194,33.0,6200.82,multi_jet,,multi_jet (86%),multi_jet (49%)
1195,33.0,6400.74,multi_jet,,multi_jet (87%),multi_jet (50%)
1196,33.0,6600.61,multi_jet,,multi_jet (72%),multi_jet (56%)
1197,33.0,6800.55,multi_jet,,multi_jet (100%),multi_jet (99%)
1198,33.0,7000.9,multi_jet,,multi_jet (100%),multi_jet (100%)
1199,33.0,7200.8,multi_jet,,multi_jet (100%),multi_jet (100%)
1200,33.0,7400.7,multi_jet,,multi_jet (100%),multi_jet (100%)
1201,33.0,7600.59,multi_jet,,multi_jet (100%),multi_jet (100%)
1202,33.0,7800.52,multi_jet,,multi_jet (100%),multi_jet (99%)
1203,33.0,8000.64,multi_jet,,multi_jet (100%),multi_jet (100%)
1204,33.0,8200.65,multi_jet,,multi_jet (100%),multi_jet (100%)
1205,33.0,8400.63,multi_jet,,multi_jet (100%),multi_jet (100%)
1206,33.0,8600.45,multi_jet,,multi_jet (100%),multi_jet (100%)
1207,33.0,8800.38,multi_jet,,multi_jet (100%),multi_jet (100%)
1208,33.0,9000.61,multi_jet,,multi_jet (100%),multi_jet (100%)
1209,36.0,3001.15,dripping,,dripping (100%),dripping (92%)
1210,36.0,3201.05,dripping,,intermitent (89%),intermitent (71%)
1211,36.0,3400.93,dripping,,dripping (94%),dripping (78%)
1212,36.0,3600.84,intermitent,,intermitent (100%),intermitent (77%)
1213,36.0,3800.82,intermitent,,intermitent (100%),intermitent (88%)
1214,36.0,4001.0,intermitent,,dripping (57%),dripping (59%)
1215,36.0,4200.89,intermitent,,intermitent (99%),intermitent (78%)
1216,36.0,4400.95,undefined,,intermitent (100%),intermitent (55%)
1217,36.0,4600.82,intermitent,,intermitent (100%),intermitent (75%)
1218,36.0,4800.71,intermitent,,intermitent (99%),intermitent (70%)
1219,36.0,5000.95,intermitent,,dripping (41%),dripping (54%)
1220,36.0,5200.9,intermitent,,intermitent (100%),intermitent (70%)
1221,36.0,5400.76,intermitent,,dripping (77%),dripping (49%)
1222,36.0,5600.71,cone_jet,,multi_jet (48%),multi_jet (38%)
1223,36.0,5800.73,cone_jet,,intermitent (58%),multi_jet (42%)
1224,36.0,6000.93,multi_jet,,multi_jet (58%),intermitent (36%)
1225,36.0,6200.84,multi_jet,,multi_jet (82%),multi_jet (47%)
1226,36.0,6400.79,multi_jet,,multi_jet (73%),multi_jet (51%)
1227,36.0,6600.68,multi_jet,,multi_jet (91%),multi_jet (61%)
1228,36.0,6800.59,multi_jet,,multi_jet (96%),multi_jet (57%)
1229,36.0,7000.91,multi_jet,,multi_jet (97%),multi_jet (62%)
1230,36.0,7200.86,multi_jet,,multi_jet (99%),multi_jet (64%)
1231,36.0,7400.75,multi_jet,,multi_jet (100%),multi_jet (94%)
1232,36.0,7600.65,multi_jet,,multi_jet (100%),multi_jet (90%)
1233,36.0,7800.58,multi_jet,,multi_jet (100%),multi_jet (96%)
1234,36.0,8000.69,multi_jet,,multi_jet (100%),multi_jet (95%)
1235,36.0,8200.72,multi_jet,,multi_jet (100%),multi_jet (100%)
1236,36.0,8400.65,multi_jet,,multi_jet (100%),multi_jet (95%)
1237,36.0,8600.5,multi_jet,,multi_jet (100%),multi_jet (100%)
1238,36.0,8800.41,multi_jet,,multi_jet (100%),multi_jet (100%)
1239,36.0,9000.64,multi_jet,,multi_jet (100%),multi_jet (100%)
1240,40.0,3001.17,dripping,,intermitent (99%),intermitent (82%)
1241,40.0,3201.09,dripping,,dripping (98%),dripping (67%)
1242,40.0,3400.95,dripping,,dripping (95%),dripping (85%)
1243,40.0,3600.84,dripping,,intermitent (100%),intermitent (83%)
1244,40.0,3800.81,intermitent,,intermitent (100%),intermitent (81%)
1245,40.0,4001.02,intermitent,,dripping (92%),dripping (55%)
1246,40.0,4200.91,intermitent,,intermitent (100%),intermitent (75%)
1247,40.0,4400.95,undefined,,dripping (96%),dripping (77%)
1248,40.0,4600.82,undefined,,intermitent (99%),intermitent (66%)
1249,40.0,4800.72,undefined,,intermitent (100%),intermitent (61%)
1250,40.0,5000.99,undefined,,intermitent (91%),intermitent (52%)
1251,40.0,5200.94,intermitent,,intermitent (100%),intermitent (72%)
1252,40.0,5400.8,intermitent,,intermitent (95%),intermitent (62%)
1253,40.0,5600.73,intermitent,,dripping (69%),dripping (56%)
1254,40.0,5800.74,cone_jet,,intermitent (60%),multi_jet (42%)
1255,40.0,6000.92,cone_jet,,multi_jet (95%),multi_jet (41%)
1256,40.0,6200.84,cone_jet,,multi_jet (76%),multi_jet (43%)
1257,40.0,6400.8,multi_jet,,multi_jet (89%),multi_jet (50%)
1258,40.0,6600.68,multi_jet,,multi_jet (96%),multi_jet (62%)
1259,40.0,6800.63,multi_jet,,multi_jet (97%),multi_jet (42%)
1260,40.0,7000.94,multi_jet,,multi_jet (99%),multi_jet (78%)
1261,40.0,7200.88,multi_jet,,multi_jet (99%),multi_jet (68%)
1262,40.0,7400.77,multi_jet,,multi_jet (100%),multi_jet (90%)
1263,40.0,7600.66,multi_jet,,multi_jet (100%),multi_jet (93%)
1264,40.0,7800.56,multi_jet,,multi_jet (97%),multi_jet (64%)
1265,40.0,8000.71,multi_jet,,multi_jet (100%),multi_jet (94%)
1266,40.0,8200.76,multi_jet,,multi_jet (100%),multi_jet (85%)
1267,40.0,8400.69,multi_jet,,multi_jet (100%),multi_jet (100%)
1268,40.0,8600.52,multi_jet,,multi_jet (100%),multi_jet (100%)
1269,40.0,8800.43,multi_jet,,multi_jet (100%),multi_jet (100%)
1270,40.0,9000.64,multi_jet,,multi_jet (100%),multi_jet (100%)
1271,45.0,3001.02,unconclusive,,dripping (96%),intermitent (62%)
1272,45.0,3201.05,unconclusive,,dripping (98%),dripping (72%)
1273,45.0,3400.95,unconclusive,,intermitent (100%),intermitent (83%)
1274,45.0,3600.82,unconclusive,,intermitent (70%),intermitent (45%)
1275,45.0,3800.83,intermitent,,intermitent (100%),intermitent (91%)
1276,45.0,4001.01,intermitent,,dripping (66%),dripping (52%)
1277,45.0,4200.89,intermitent,,dripping (92%),dripping (53%)
1278,45.0,4400.96,intermitent,,dripping (84%),dripping (64%)
1279,45.0,4600.86,intermitent,,intermitent (99%),intermitent (58%)
1280,45.0,4800.73,intermitent,,intermitent (98%),intermitent (67%)
1281,45.0,5000.97,intermitent,,intermitent (44%),intermitent (54%)
1282,45.0,5200.94,undefined,,intermitent (96%),intermitent (51%)
1283,45.0,5400.8,intermitent,,intermitent (94%),intermitent (62%)
1284,45.0,5600.75,intermitent,,multi_jet (84%),intermitent (44%)
1285,45.0,5800.75,intermitent,,intermitent (90%),intermitent (62%)
1286,45.0,6000.96,intermitent,,intermitent (50%),intermitent (48%)
1287,45.0,6200.87,intermitent,,multi_jet (90%),multi_jet (48%)
1288,45.0,6400.8,intermitent,,intermitent (73%),multi_jet (60%)
1289,45.0,6600.71,cone_jet,,multi_jet (96%),multi_jet (42%)
1290,45.0,6800.63,cone_jet,,multi_jet (98%),multi_jet (58%)
1291,45.0,7000.93,cone_jet,,multi_jet (97%),multi_jet (60%)
1292,45.0,7200.88,multi_jet,,multi_jet (96%),multi_jet (64%)
1293,45.0,7400.76,multi_jet,,intermitent (55%),intermitent (40%)
1294,45.0,7600.66,multi_jet,,multi_jet (97%),multi_jet (62%)
1295,45.0,7800.59,multi_jet,,multi_jet (91%),multi_jet (58%)
1296,45.0,8000.71,multi_jet,,multi_jet (93%),multi_jet (62%)
1297,45.0,8200.77,multi_jet,,multi_jet (100%),multi_jet (91%)
1298,45.0,8400.68,multi_jet,,multi_jet (100%),multi_jet (92%)
1299,45.0,8600.51,multi_jet,,multi_jet (100%),multi_jet (84%)
1300,45.0,8800.43,multi_jet,,multi_jet (100%),multi_jet (96%)
1301,45.0,9000.68,multi_jet,,multi_jet (100%),multi_jet (97%)
1302,50.0,3001.17,dripping,,dripping (98%),intermitent (61%)
1303,50.0,3201.11,dripping,,intermitent (99%),intermitent (84%)
1304,50.0,3400.99,dripping,,intermitent (100%),intermitent (81%)
1305,50.0,3600.86,dripping,,dripping (88%),dripping (71%)
1306,50.0,3800.86,dripping,,dripping (94%),dripping (77%)
1307,50.0,4001.07,dripping,,intermitent (100%),intermitent (79%)
1308,50.0,4200.93,intermitent,,dripping (78%),dripping (66%)
1309,50.0,4400.98,intermitent,,intermitent (99%),intermitent (69%)
1310,50.0,4600.88,intermitent,,intermitent (100%),intermitent (63%)
1311,50.0,4800.76,intermitent,,intermitent (100%),intermitent (66%)
1312,50.0,5000.99,undefined,,intermitent (99%),intermitent (66%)
1313,50.0,5200.95,intermitent,,intermitent (76%),intermitent (46%)
1314,50.0,5400.81,intermitent,,intermitent (65%),intermitent (53%)
1315,50.0,5600.75,intermitent,,intermitent (81%),intermitent (49%)
1316,50.0,5800.76,intermitent,,dripping (75%),dripping (46%)
1317,50.0,6000.95,cone_jet,,multi_jet (56%),multi_jet (45%)
1318,50.0,6200.89,cone_jet,,multi_jet (82%),multi_jet (52%)
1319,50.0,6400.83,cone_jet,,multi_jet (93%),multi_jet (53%)
1320,50.0,6600.72,cone_jet,,multi_jet (89%),multi_jet (56%)
1321,50.0,6800.65,cone_jet,,multi_jet (94%),multi_jet (61%)
1322,50.0,7000.94,cone_jet,,multi_jet (92%),multi_jet (62%)
1323,50.0,7200.92,undefined,,intermitent (87%),intermitent (54%)
1324,50.0,7400.78,multi_jet,,multi_jet (98%),multi_jet (66%)
1325,50.0,7600.66,multi_jet,,multi_jet (100%),multi_jet (82%)
1326,50.0,7800.58,multi_jet,,multi_jet (96%),multi_jet (59%)
1327,50.0,8000.73,multi_jet,,multi_jet (99%),multi_jet (89%)
1328,50.0,8200.76,multi_jet,,multi_jet (100%),multi_jet (91%)
1329,50.0,8400.69,multi_jet,,multi_jet (100%),multi_jet (92%)
1330,50.0,8600.53,multi_jet,,multi_jet (99%),multi_jet (77%)
1331,50.0,8800.46,multi_jet,,multi_jet (100%),multi_jet (92%)
1332,50.0,9000.68,multi_jet,,multi_jet (100%),multi_jet (94%)
1333,60.0,3001.21,dripping,,dripping (100%),dripping (91%)
1334,60.0,3201.1,dripping,,intermitent (100%),intermitent (81%)
1335,60.0,3400.98,dripping,,intermitent (80%),intermitent (61%)
1336,60.0,3600.89,dripping,,intermitent (100%),intermitent (78%)
1337,60.0,3800.85,dripping,,dripping (89%),dripping (86%)
1338,60.0,4001.03,dripping,,intermitent (64%),dripping (52%)
1339,60.0,4200.94,dripping,,intermitent (99%),intermitent (71%)
1340,60.0,4400.98,dripping,,intermitent (100%),intermitent (73%)
1341,60.0,4600.87,intermitent,,dripping (58%),dripping (42%)
1342,60.0,4800.77,intermitent,,intermitent (98%),intermitent (62%)
1343,60.0,5001.02,intermitent,,intermitent (98%),intermitent (57%)
1344,60.0,5200.98,intermitent,,intermitent (89%),intermitent (48%)
1345,60.0,5400.81,intermitent,,intermitent (93%),intermitent (43%)
1346,60.0,5600.74,intermitent,,intermitent (73%),intermitent (40%)
1347,60.0,5800.76,intermitent,,intermitent (54%),multi_jet (43%)
1348,60.0,6000.95,undefined,,multi_jet (55%),intermitent (36%)
1349,60.0,6200.89,undefined,,intermitent (90%),intermitent (46%)
1350,60.0,6400.83,undefined,,multi_jet (96%),multi_jet (61%)
1351,60.0,6600.71,intermitent,,multi_jet (94%),multi_jet (56%)
1352,60.0,6800.64,intermitent,,intermitent (99%),intermitent (54%)
1353,60.0,7000.95,cone_jet,,multi_jet (96%),multi_jet (63%)
1354,60.0,7200.91,intermitent,,multi_jet (99%),multi_jet (53%)
1355,60.0,7400.77,cone_jet,,multi_jet (94%),multi_jet (61%)
1356,60.0,7600.66,cone_jet,,multi_jet (97%),multi_jet (60%)
1357,60.0,7800.58,cone_jet,,multi_jet (93%),multi_jet (53%)
1358,60.0,8000.7,undefined,,multi_jet (98%),multi_jet (64%)
1359,60.0,8200.73,multi_jet,,multi_jet (60%),multi_jet (45%)
1360,60.0,8400.68,multi_jet,,multi_jet (99%),multi_jet (63%)
1361,60.0,8600.49,multi_jet,,multi_jet (88%),multi_jet (60%)
1362,60.0,8800.45,multi_jet,,multi_jet (95%),multi_jet (76%)
1363,60.0,9000.68,multi_jet,,multi_jet (91%),multi_jet (63%)
1364,70.0,3001.04,dripping,,dripping (100%),dripping (90%)
1365,70.0,3201.06,dripping,,intermitent (99%),intermitent (79%)
1366,70.0,3400.95,dripping,,intermitent (100%),intermitent (79%)
1367,70.0,3600.85,dripping,,intermitent (100%),intermitent (78%)
1368,70.0,3800.83,dripping,,dripping (84%),dripping (53%)
1369,70.0,4001.05,dripping,,intermitent (100%),intermitent (81%)
1370,70.0,4200.92,dripping,,intermitent (100%),intermitent (84%)
1371,70.0,4401.0,dripping,,intermitent (100%),intermitent (64%)
1372,70.0,4600.85,dripping,,dripping (67%),dripping (63%)
1373,70.0,4800.75,intermitent,,dripping (68%),dripping (43%)
1374,70.0,5001.0,intermitent,,intermitent (100%),intermitent (66%)
1375,70.0,5200.94,intermitent,,intermitent (99%),intermitent (58%)
1376,70.0,5400.79,intermitent,,intermitent (65%),intermitent (42%)
1377,70.0,5600.75,intermitent,,intermitent (84%),intermitent (55%)
1378,70.0,5800.77,intermitent,,intermitent (54%),intermitent (48%)
1379,70.0,6000.96,intermitent,,intermitent (98%),intermitent (49%)
1380,70.0,6200.89,intermitent,,multi_jet (75%),multi_jet (45%)
1381,70.0,6400.83,intermitent,,intermitent (51%),intermitent (44%)
1382,70.0,6600.69,undefined,,intermitent (61%),intermitent (47%)
1383,70.0,6800.63,intermitent,,intermitent (87%),intermitent (49%)
1384,70.0,7000.95,undefined,,intermitent (97%),intermitent (52%)
1385,70.0,7200.88,undefined,,multi_jet (97%),multi_jet (59%)
1386,70.0,7400.76,intermitent,,multi_jet (93%),multi_jet (57%)
1387,70.0,7600.68,intermitent,,multi_jet (96%),multi_jet (65%)
1388,70.0,7800.61,undefined,,multi_jet (93%),multi_jet (46%)
1389,70.0,8000.74,undefined,,intermitent (52%),multi_jet (41%)
1390,70.0,8200.76,multi_jet,,multi_jet (93%),multi_jet (71%)
1391,70.0,8400.7,multi_jet,,multi_jet (93%),multi_jet (68%)
1392,70.0,8600.53,multi_jet,,multi_jet (75%),multi_jet (62%)
1393,70.0,8800.45,multi_jet,,multi_jet (100%),multi_jet (97%)
1394,70.0,9000.66,multi_jet,,multi_jet (100%),multi_jet (99%)
1395,80.0,3001.16,dripping,,dripping (100%),dripping (71%)
1396,80.0,3201.1,dripping,,intermitent (98%),intermitent (72%)
1397,80.0,3400.97,dripping,,dripping (59%),dripping (64%)
1398,80.0,3600.87,dripping,,intermitent (85%),dripping (58%)
1399,80.0,3800.83,dripping,,intermitent (98%),intermitent (62%)
1400,80.0,4001.05,dripping,,intermitent (70%),dripping (47%)
1401,80.0,4200.93,dripping,,intermitent (99%),intermitent (68%)
1402,80.0,4401.0,dripping,,intermitent (99%),intermitent (64%)
1403,80.0,4600.86,dripping,,intermitent (94%),intermitent (54%)
1404,80.0,4800.76,dripping,,intermitent (95%),intermitent (59%)
1405,80.0,5001.0,intermitent,,intermitent (98%),intermitent (65%)
1406,80.0,5200.95,intermitent,,dripping (76%),dripping (46%)
1407,80.0,5400.79,intermitent,,dripping (80%),dripping (36%)
1408,80.0,5600.74,intermitent,,intermitent (57%),intermitent (52%)
1409,80.0,5800.76,intermitent,,intermitent (95%),intermitent (61%)
1410,80.0,6000.97,intermitent,,intermitent (99%),intermitent (45%)
1411,80.0,6200.89,intermitent,,multi_jet (94%),multi_jet (44%)
1412,80.0,6400.82,intermitent,,multi_jet (73%),multi_jet (53%)
1413,80.0,6600.71,intermitent,,multi_jet (72%),multi_jet (39%)
1414,80.0,6800.61,intermitent,,multi_jet (82%),multi_jet (57%)
1415,80.0,7000.97,undefined,,multi_jet (73%),multi_jet (57%)
1416,80.0,7200.89,undefined,,multi_jet (99%),multi_jet (69%)
1417,80.0,7400.79,intermitent,,multi_jet (82%),multi_jet (48%)
1418,80.0,7600.67,intermitent,,intermitent (99%),multi_jet (46%)
1419,80.0,7800.59,intermitent,,multi_jet (98%),multi_jet (64%)
1420,80.0,8000.7,intermitent,,multi_jet (74%),multi_jet (48%)
1421,80.0,8200.75,undefined,,intermitent (86%),intermitent (41%)
1422,80.0,8400.71,multi_jet,,multi_jet (99%),multi_jet (55%)
1423,80.0,8600.54,multi_jet,,multi_jet (76%),multi_jet (61%)
1424,80.0,8800.46,multi_jet,,multi_jet (77%),multi_jet (53%)
1425,80.0,9000.69,multi_jet,,multi_jet (93%),multi_jet (57%)
1426,90.0,3001.16,unconclusive,,dripping (100%),dripping (82%)
1427,90.0,3201.1,unconclusive,,dripping (86%),dripping (73%)
1428,90.0,3400.99,dripping,,intermitent (100%),intermitent (78%)
1429,90.0,3600.89,dripping,,intermitent (94%),intermitent (61%)
1430,90.0,3800.86,dripping,,dripping (53%),dripping (71%)
1431,90.0,4001.05,dripping,,intermitent (100%),intermitent (75%)
1432,90.0,4200.94,dripping,,intermitent (100%),intermitent (74%)
1433,90.0,4401.0,dripping,,dripping (74%),dripping (61%)
1434,90.0,4600.87,dripping,,intermitent (91%),dripping (42%)
1435,90.0,4800.76,dripping,,intermitent (97%),intermitent (65%)
1436,90.0,5001.01,dripping,,intermitent (99%),intermitent (61%)
1437,90.0,5200.96,dripping,,intermitent (89%),intermitent (53%)
1438,90.0,5400.81,intermitent,,intermitent (52%),intermitent (47%)
1439,90.0,5600.75,intermitent,,intermitent (95%),intermitent (52%)
1440,90.0,5800.75,intermitent,,intermitent (83%),intermitent (54%)
1441,90.0,6000.94,intermitent,,multi_jet (58%),intermitent (45%)
1442,90.0,6200.88,intermitent,,intermitent (95%),intermitent (47%)
1443,90.0,6400.83,intermitent,,intermitent (72%),intermitent (44%)
1444,90.0,6600.69,intermitent,,intermitent (78%),intermitent (46%)
1445,90.0,6800.64,intermitent,,intermitent (99%),intermitent (56%)
1446,90.0,7000.95,intermitent,,multi_jet (92%),multi_jet (64%)
1447,90.0,7200.89,intermitent,,multi_jet (98%),multi_jet (48%)
1448,90.0,7400.75,undefined,,intermitent (99%),intermitent (54%)
1449,90.0,7600.68,undefined,,intermitent (100%),intermitent (59%)
1450,90.0,7800.58,undefined,,intermitent (100%),intermitent (62%)
1451,90.0,8000.71,intermitent,,multi_jet (89%),multi_jet (62%)
1452,90.0,8200.76,intermitent,,intermitent (49%),intermitent (41%)
1453,90.0,8400.69,undefined,,multi_jet (73%),multi_jet (58%)
1454,90.0,8600.52,undefined,,intermitent (87%),intermitent (46%)
1455,90.0,8800.45,undefined,,intermitent (59%),multi_jet (46%)
1456,90.0,9000.69,undefined,,multi_jet (59%),multi_jet (60%)
