sample_index,label,dominant_freq_raw,dominant_freq_normalized
0,cone_jet,268.55468749999994,2.6855468749999996
1,cone_jet,268.55468749999994,2.6855468749999996
2,cone_jet,268.55468749999994,2.6855468749999996
3,cone_jet,268.55468749999994,2.6855468749999996
4,cone_jet,268.55468749999994,2.6855468749999996
5,cone_jet,268.55468749999994,2.6855468749999996
6,cone_jet,268.55468749999994,2.6855468749999996
7,cone_jet,268.55468749999994,2.6855468749999996
8,cone_jet,268.55468749999994,2.6855468749999996
9,cone_jet,268.55468749999994,2.6855468749999996
10,cone_jet,268.55468749999994,2.6855468749999996
11,cone_jet,268.55468749999994,2.6855468749999996
12,cone_jet,268.55468749999994,2.6855468749999996
13,cone_jet,268.55468749999994,2.6855468749999996
14,cone_jet,268.55468749999994,2.6855468749999996
15,cone_jet,268.55468749999994,2.6855468749999996
16,cone_jet,268.55468749999994,2.6855468749999996
17,cone_jet,268.55468749999994,2.6855468749999996
18,cone_jet,268.55468749999994,2.6855468749999996
19,cone_jet,268.55468749999994,2.6855468749999996
20,cone_jet,268.55468749999994,2.6855468749999996
21,cone_jet,268.55468749999994,2.6855468749999996
22,cone_jet,268.55468749999994,2.6855468749999996
23,cone_jet,268.55468749999994,2.6855468749999996
24,cone_jet,268.55468749999994,2.6855468749999996
25,cone_jet,268.55468749999994,2.6855468749999996
26,cone_jet,268.55468749999994,2.6855468749999996
27,cone_jet,268.55468749999994,2.6855468749999996
28,cone_jet,268.55468749999994,2.6855468749999996
29,cone_jet,268.55468749999994,2.6855468749999996
30,cone_jet,268.55468749999994,2.6855468749999996
31,cone_jet,268.55468749999994,2.6855468749999996
32,cone_jet,268.55468749999994,2.6855468749999996
33,cone_jet,244.14062499999997,2.4414062499999996
34,cone_jet,268.55468749999994,2.6855468749999996
35,cone_jet,268.55468749999994,2.6855468749999996
36,cone_jet,268.55468749999994,2.6855468749999996
37,cone_jet,268.55468749999994,2.6855468749999996
38,cone_jet,268.55468749999994,2.6855468749999996
39,cone_jet,268.55468749999994,2.6855468749999996
40,cone_jet,268.55468749999994,2.6855468749999996
41,cone_jet,268.55468749999994,2.6855468749999996
42,cone_jet,268.55468749999994,2.6855468749999996
43,cone_jet,268.55468749999994,2.6855468749999996
44,cone_jet,268.55468749999994,2.6855468749999996
45,cone_jet,268.55468749999994,2.6855468749999996
46,cone_jet,268.55468749999994,2.6855468749999996
47,cone_jet,268.55468749999994,2.6855468749999996
48,cone_jet,268.55468749999994,2.6855468749999996
49,cone_jet,268.55468749999994,2.6855468749999996
50,cone_jet,268.55468749999994,2.6855468749999996
51,cone_jet,268.55468749999994,2.6855468749999996
52,cone_jet,244.14062499999997,2.4414062499999996
53,cone_jet,268.55468749999994,2.6855468749999996
54,cone_jet,268.55468749999994,2.6855468749999996
55,cone_jet,268.55468749999994,2.6855468749999996
56,cone_jet,268.55468749999994,2.6855468749999996
57,cone_jet,268.55468749999994,2.6855468749999996
58,cone_jet,268.55468749999994,2.6855468749999996
59,cone_jet,268.55468749999994,2.6855468749999996
60,cone_jet,268.55468749999994,2.6855468749999996
61,cone_jet,268.55468749999994,2.6855468749999996
62,cone_jet,268.55468749999994,2.6855468749999996
63,cone_jet,268.55468749999994,2.6855468749999996
64,cone_jet,268.55468749999994,2.6855468749999996
65,cone_jet,268.55468749999994,2.6855468749999996
66,cone_jet,268.55468749999994,2.6855468749999996
67,cone_jet,268.55468749999994,2.6855468749999996
68,cone_jet,268.55468749999994,2.6855468749999996
69,cone_jet,244.14062499999997,2.4414062499999996
70,cone_jet,268.55468749999994,2.6855468749999996
71,cone_jet,268.55468749999994,2.6855468749999996
72,cone_jet,268.55468749999994,2.6855468749999996
73,cone_jet,268.55468749999994,2.6855468749999996
74,cone_jet,268.55468749999994,2.6855468749999996
75,cone_jet,268.55468749999994,2.6855468749999996
76,cone_jet,268.55468749999994,2.6855468749999996
77,cone_jet,268.55468749999994,2.6855468749999996
78,cone_jet,268.55468749999994,2.6855468749999996
79,cone_jet,268.55468749999994,2.6855468749999996
80,cone_jet,268.55468749999994,2.6855468749999996
81,cone_jet,268.55468749999994,2.6855468749999996
82,cone_jet,268.55468749999994,2.6855468749999996
83,cone_jet,268.55468749999994,2.6855468749999996
84,cone_jet,268.55468749999994,2.6855468749999996
85,cone_jet,268.55468749999994,2.6855468749999996
86,cone_jet,268.55468749999994,2.6855468749999996
87,cone_jet,268.55468749999994,2.6855468749999996
88,cone_jet,268.55468749999994,2.6855468749999996
89,cone_jet,268.55468749999994,2.6855468749999996
90,cone_jet,268.55468749999994,2.6855468749999996
91,cone_jet,268.55468749999994,2.6855468749999996
92,cone_jet,268.55468749999994,2.6855468749999996
93,cone_jet,268.55468749999994,2.6855468749999996
94,cone_jet,268.55468749999994,2.6855468749999996
95,cone_jet,268.55468749999994,2.6855468749999996
96,cone_jet,268.55468749999994,2.6855468749999996
97,cone_jet,268.55468749999994,2.6855468749999996
98,cone_jet,268.55468749999994,2.6855468749999996
99,cone_jet,268.55468749999994,2.6855468749999996
100,cone_jet,268.55468749999994,2.6855468749999996
101,cone_jet,268.55468749999994,2.6855468749999996
102,cone_jet,268.55468749999994,2.6855468749999996
103,cone_jet,268.55468749999994,2.6855468749999996
104,cone_jet,268.55468749999994,2.6855468749999996
105,cone_jet,268.55468749999994,2.6855468749999996
106,cone_jet,268.55468749999994,2.6855468749999996
107,cone_jet,268.55468749999994,2.6855468749999996
108,cone_jet,268.55468749999994,2.6855468749999996
109,cone_jet,268.55468749999994,2.6855468749999996
110,cone_jet,268.55468749999994,2.6855468749999996
111,cone_jet,268.55468749999994,2.6855468749999996
112,cone_jet,268.55468749999994,2.6855468749999996
113,cone_jet,268.55468749999994,2.6855468749999996
114,cone_jet,244.14062499999997,2.4414062499999996
115,cone_jet,268.55468749999994,2.6855468749999996
116,cone_jet,268.55468749999994,2.6855468749999996
117,cone_jet,268.55468749999994,2.6855468749999996
118,cone_jet,268.55468749999994,2.6855468749999996
119,cone_jet,268.55468749999994,2.6855468749999996
120,cone_jet,268.55468749999994,2.6855468749999996
121,cone_jet,268.55468749999994,2.6855468749999996
122,cone_jet,268.55468749999994,2.6855468749999996
123,cone_jet,268.55468749999994,2.6855468749999996
124,cone_jet,268.55468749999994,2.6855468749999996
125,cone_jet,268.55468749999994,2.6855468749999996
126,cone_jet,268.55468749999994,2.6855468749999996
127,cone_jet,268.55468749999994,2.6855468749999996
128,cone_jet,268.55468749999994,2.6855468749999996
129,cone_jet,268.55468749999994,2.6855468749999996
130,cone_jet,268.55468749999994,2.6855468749999996
131,cone_jet,244.14062499999997,2.4414062499999996
132,cone_jet,268.55468749999994,2.6855468749999996
133,cone_jet,268.55468749999994,2.6855468749999996
134,cone_jet,268.55468749999994,2.6855468749999996
135,cone_jet,268.55468749999994,2.6855468749999996
136,cone_jet,268.55468749999994,2.6855468749999996
137,cone_jet,268.55468749999994,2.6855468749999996
138,cone_jet,268.55468749999994,2.6855468749999996
139,cone_jet,268.55468749999994,2.6855468749999996
140,cone_jet,268.55468749999994,2.6855468749999996
141,cone_jet,268.55468749999994,2.6855468749999996
142,cone_jet,268.55468749999994,2.6855468749999996
143,cone_jet,268.55468749999994,2.6855468749999996
144,cone_jet,268.55468749999994,2.6855468749999996
145,cone_jet,268.55468749999994,2.6855468749999996
146,cone_jet,268.55468749999994,2.6855468749999996
147,cone_jet,268.55468749999994,2.6855468749999996
148,cone_jet,268.55468749999994,2.6855468749999996
149,cone_jet,268.55468749999994,2.6855468749999996
150,cone_jet,268.55468749999994,2.6855468749999996
151,cone_jet,268.55468749999994,2.6855468749999996
152,cone_jet,268.55468749999994,2.6855468749999996
153,cone_jet,268.55468749999994,2.6855468749999996
154,cone_jet,268.55468749999994,2.6855468749999996
155,cone_jet,268.55468749999994,2.6855468749999996
156,cone_jet,268.55468749999994,2.6855468749999996
157,cone_jet,268.55468749999994,2.6855468749999996
158,cone_jet,268.55468749999994,2.6855468749999996
159,cone_jet,268.55468749999994,2.6855468749999996
160,cone_jet,268.55468749999994,2.6855468749999996
161,cone_jet,268.55468749999994,2.6855468749999996
162,cone_jet,268.55468749999994,2.6855468749999996
163,cone_jet,268.55468749999994,2.6855468749999996
164,cone_jet,268.55468749999994,2.6855468749999996
165,cone_jet,268.55468749999994,2.6855468749999996
166,cone_jet,268.55468749999994,2.6855468749999996
167,cone_jet,268.55468749999994,2.6855468749999996
168,cone_jet,268.55468749999994,2.6855468749999996
169,cone_jet,268.55468749999994,2.6855468749999996
170,cone_jet,268.55468749999994,2.6855468749999996
171,cone_jet,268.55468749999994,2.6855468749999996
172,cone_jet,268.55468749999994,2.6855468749999996
173,cone_jet,268.55468749999994,2.6855468749999996
174,cone_jet,268.55468749999994,2.6855468749999996
175,cone_jet,268.55468749999994,2.6855468749999996
176,cone_jet,268.55468749999994,2.6855468749999996
177,cone_jet,268.55468749999994,2.6855468749999996
178,cone_jet,268.55468749999994,2.6855468749999996
179,cone_jet,268.55468749999994,2.6855468749999996
180,cone_jet,268.55468749999994,2.6855468749999996
181,cone_jet,268.55468749999994,2.6855468749999996
182,cone_jet,268.55468749999994,2.6855468749999996
183,cone_jet,268.55468749999994,2.6855468749999996
184,cone_jet,268.55468749999994,2.6855468749999996
185,cone_jet,268.55468749999994,2.6855468749999996
186,cone_jet,268.55468749999994,2.6855468749999996
187,cone_jet,268.55468749999994,2.6855468749999996
188,cone_jet,268.55468749999994,2.6855468749999996
189,cone_jet,268.55468749999994,2.6855468749999996
190,cone_jet,268.55468749999994,2.6855468749999996
191,cone_jet,268.55468749999994,2.6855468749999996
192,cone_jet,268.55468749999994,2.6855468749999996
193,cone_jet,268.55468749999994,2.6855468749999996
194,cone_jet,268.55468749999994,2.6855468749999996
195,cone_jet,268.55468749999994,2.6855468749999996
196,cone_jet,268.55468749999994,2.6855468749999996
197,cone_jet,268.55468749999994,2.6855468749999996
198,cone_jet,268.55468749999994,2.6855468749999996
199,cone_jet,268.55468749999994,2.6855468749999996
200,cone_jet,268.55468749999994,2.6855468749999996
201,cone_jet,268.55468749999994,2.6855468749999996
202,cone_jet,268.55468749999994,2.6855468749999996
203,cone_jet,268.55468749999994,2.6855468749999996
204,cone_jet,268.55468749999994,2.6855468749999996
205,cone_jet,268.55468749999994,2.6855468749999996
206,cone_jet,268.55468749999994,2.6855468749999996
207,cone_jet,268.55468749999994,2.6855468749999996
208,cone_jet,268.55468749999994,2.6855468749999996
209,cone_jet,268.55468749999994,2.6855468749999996
210,cone_jet,268.55468749999994,2.6855468749999996
211,cone_jet,268.55468749999994,2.6855468749999996
212,cone_jet,268.55468749999994,2.6855468749999996
213,cone_jet,268.55468749999994,2.6855468749999996
214,cone_jet,268.55468749999994,2.6855468749999996
215,cone_jet,268.55468749999994,2.6855468749999996
216,cone_jet,268.55468749999994,2.6855468749999996
217,cone_jet,268.55468749999994,2.6855468749999996
218,cone_jet,268.55468749999994,2.6855468749999996
219,cone_jet,268.55468749999994,2.6855468749999996
220,cone_jet,268.55468749999994,2.6855468749999996
221,cone_jet,268.55468749999994,2.6855468749999996
222,cone_jet,268.55468749999994,2.6855468749999996
223,cone_jet,268.55468749999994,2.6855468749999996
224,cone_jet,268.55468749999994,2.6855468749999996
225,cone_jet,268.55468749999994,2.6855468749999996
226,cone_jet,268.55468749999994,2.6855468749999996
227,cone_jet,268.55468749999994,2.6855468749999996
228,cone_jet,268.55468749999994,2.6855468749999996
229,cone_jet,268.55468749999994,2.6855468749999996
230,cone_jet,268.55468749999994,2.6855468749999996
231,cone_jet,268.55468749999994,2.6855468749999996
232,cone_jet,268.55468749999994,2.6855468749999996
233,cone_jet,268.55468749999994,2.6855468749999996
234,cone_jet,268.55468749999994,2.6855468749999996
235,cone_jet,268.55468749999994,2.6855468749999996
236,cone_jet,268.55468749999994,2.6855468749999996
237,cone_jet,268.55468749999994,2.6855468749999996
238,cone_jet,268.55468749999994,2.6855468749999996
239,cone_jet,268.55468749999994,2.6855468749999996
240,cone_jet,268.55468749999994,2.6855468749999996
241,cone_jet,268.55468749999994,2.6855468749999996
242,cone_jet,268.55468749999994,2.6855468749999996
243,cone_jet,268.55468749999994,2.6855468749999996
244,cone_jet,268.55468749999994,2.6855468749999996
245,cone_jet,268.55468749999994,2.6855468749999996
246,cone_jet,268.55468749999994,2.6855468749999996
247,cone_jet,268.55468749999994,2.6855468749999996
248,cone_jet,268.55468749999994,2.6855468749999996
249,cone_jet,268.55468749999994,2.6855468749999996
250,cone_jet,268.55468749999994,2.6855468749999996
251,cone_jet,268.55468749999994,2.6855468749999996
252,cone_jet,268.55468749999994,2.6855468749999996
253,cone_jet,268.55468749999994,2.6855468749999996
254,cone_jet,268.55468749999994,2.6855468749999996
255,cone_jet,268.55468749999994,2.6855468749999996
256,cone_jet,268.55468749999994,2.6855468749999996
257,cone_jet,268.55468749999994,2.6855468749999996
258,cone_jet,268.55468749999994,2.6855468749999996
259,cone_jet,268.55468749999994,2.6855468749999996
260,cone_jet,268.55468749999994,2.6855468749999996
261,cone_jet,268.55468749999994,2.6855468749999996
262,cone_jet,268.55468749999994,2.6855468749999996
263,cone_jet,268.55468749999994,2.6855468749999996
264,cone_jet,268.55468749999994,2.6855468749999996
265,cone_jet,268.55468749999994,2.6855468749999996
266,cone_jet,268.55468749999994,2.6855468749999996
267,cone_jet,268.55468749999994,2.6855468749999996
268,cone_jet,268.55468749999994,2.6855468749999996
269,cone_jet,268.55468749999994,2.6855468749999996
270,cone_jet,268.55468749999994,2.6855468749999996
271,cone_jet,268.55468749999994,2.6855468749999996
272,cone_jet,268.55468749999994,2.6855468749999996
273,cone_jet,268.55468749999994,2.6855468749999996
274,cone_jet,268.55468749999994,2.6855468749999996
275,cone_jet,268.55468749999994,2.6855468749999996
276,cone_jet,268.55468749999994,2.6855468749999996
277,cone_jet,268.55468749999994,2.6855468749999996
278,cone_jet,268.55468749999994,2.6855468749999996
279,cone_jet,268.55468749999994,2.6855468749999996
280,cone_jet,268.55468749999994,2.6855468749999996
281,cone_jet,268.55468749999994,2.6855468749999996
282,cone_jet,268.55468749999994,2.6855468749999996
283,cone_jet,268.55468749999994,2.6855468749999996
284,cone_jet,268.55468749999994,2.6855468749999996
285,cone_jet,268.55468749999994,2.6855468749999996
286,cone_jet,268.55468749999994,2.6855468749999996
287,cone_jet,268.55468749999994,2.6855468749999996
288,cone_jet,268.55468749999994,2.6855468749999996
289,cone_jet,268.55468749999994,2.6855468749999996
290,cone_jet,268.55468749999994,2.6855468749999996
291,cone_jet,268.55468749999994,2.6855468749999996
292,cone_jet,268.55468749999994,2.6855468749999996
293,cone_jet,268.55468749999994,2.6855468749999996
294,cone_jet,268.55468749999994,2.6855468749999996
295,cone_jet,268.55468749999994,2.6855468749999996
296,cone_jet,268.55468749999994,2.6855468749999996
297,cone_jet,268.55468749999994,2.6855468749999996
298,cone_jet,268.55468749999994,2.6855468749999996
299,cone_jet,268.55468749999994,2.6855468749999996
300,cone_jet,268.55468749999994,2.6855468749999996
301,cone_jet,268.55468749999994,2.6855468749999996
302,cone_jet,268.55468749999994,2.6855468749999996
303,cone_jet,268.55468749999994,2.6855468749999996
304,cone_jet,268.55468749999994,2.6855468749999996
305,cone_jet,268.55468749999994,2.6855468749999996
306,cone_jet,268.55468749999994,2.6855468749999996
307,cone_jet,268.55468749999994,2.6855468749999996
308,cone_jet,268.55468749999994,2.6855468749999996
309,cone_jet,268.55468749999994,2.6855468749999996
310,cone_jet,268.55468749999994,2.6855468749999996
311,cone_jet,268.55468749999994,2.6855468749999996
312,cone_jet,268.55468749999994,2.6855468749999996
313,cone_jet,268.55468749999994,2.6855468749999996
314,cone_jet,268.55468749999994,2.6855468749999996
315,cone_jet,268.55468749999994,2.6855468749999996
316,cone_jet,268.55468749999994,2.6855468749999996
317,cone_jet,268.55468749999994,2.6855468749999996
318,cone_jet,268.55468749999994,2.6855468749999996
319,cone_jet,268.55468749999994,2.6855468749999996
320,cone_jet,268.55468749999994,2.6855468749999996
321,cone_jet,268.55468749999994,2.6855468749999996
322,cone_jet,268.55468749999994,2.6855468749999996
323,cone_jet,268.55468749999994,2.6855468749999996
324,cone_jet,268.55468749999994,2.6855468749999996
325,cone_jet,268.55468749999994,2.6855468749999996
326,cone_jet,268.55468749999994,2.6855468749999996
327,cone_jet,268.55468749999994,2.6855468749999996
328,cone_jet,268.55468749999994,2.6855468749999996
329,cone_jet,268.55468749999994,2.6855468749999996
330,cone_jet,268.55468749999994,2.6855468749999996
331,cone_jet,268.55468749999994,2.6855468749999996
332,cone_jet,268.55468749999994,2.6855468749999996
333,cone_jet,268.55468749999994,2.6855468749999996
334,cone_jet,268.55468749999994,2.6855468749999996
335,cone_jet,268.55468749999994,2.6855468749999996
336,cone_jet,268.55468749999994,2.6855468749999996
337,cone_jet,268.55468749999994,2.6855468749999996
338,cone_jet,268.55468749999994,2.6855468749999996
339,cone_jet,268.55468749999994,2.6855468749999996
340,cone_jet,268.55468749999994,2.6855468749999996
341,cone_jet,268.55468749999994,2.6855468749999996
342,cone_jet,268.55468749999994,2.6855468749999996
343,cone_jet,268.55468749999994,2.6855468749999996
344,cone_jet,268.55468749999994,2.6855468749999996
345,cone_jet,268.55468749999994,2.6855468749999996
346,cone_jet,268.55468749999994,2.6855468749999996
347,cone_jet,268.55468749999994,2.6855468749999996
348,cone_jet,268.55468749999994,2.6855468749999996
349,cone_jet,268.55468749999994,2.6855468749999996
350,cone_jet,268.55468749999994,2.6855468749999996
351,cone_jet,268.55468749999994,2.6855468749999996
352,cone_jet,268.55468749999994,2.6855468749999996
353,cone_jet,268.55468749999994,2.6855468749999996
354,cone_jet,268.55468749999994,2.6855468749999996
355,cone_jet,268.55468749999994,2.6855468749999996
356,cone_jet,268.55468749999994,2.6855468749999996
357,cone_jet,268.55468749999994,2.6855468749999996
358,cone_jet,268.55468749999994,2.6855468749999996
359,cone_jet,268.55468749999994,2.6855468749999996
360,cone_jet,268.55468749999994,2.6855468749999996
361,cone_jet,268.55468749999994,2.6855468749999996
362,cone_jet,268.55468749999994,2.6855468749999996
363,cone_jet,268.55468749999994,2.6855468749999996
364,cone_jet,268.55468749999994,2.6855468749999996
365,cone_jet,268.55468749999994,2.6855468749999996
366,cone_jet,244.14062499999997,2.4414062499999996
367,cone_jet,268.55468749999994,2.6855468749999996
368,cone_jet,268.55468749999994,2.6855468749999996
369,cone_jet,268.55468749999994,2.6855468749999996
370,cone_jet,268.55468749999994,2.6855468749999996
371,cone_jet,268.55468749999994,2.6855468749999996
372,cone_jet,268.55468749999994,2.6855468749999996
373,cone_jet,268.55468749999994,2.6855468749999996
374,cone_jet,268.55468749999994,2.6855468749999996
375,cone_jet,268.55468749999994,2.6855468749999996
376,cone_jet,268.55468749999994,2.6855468749999996
377,cone_jet,268.55468749999994,2.6855468749999996
378,cone_jet,268.55468749999994,2.6855468749999996
379,cone_jet,268.55468749999994,2.6855468749999996
380,cone_jet,268.55468749999994,2.6855468749999996
381,cone_jet,268.55468749999994,2.6855468749999996
382,cone_jet,268.55468749999994,2.6855468749999996
383,cone_jet,268.55468749999994,2.6855468749999996
384,cone_jet,268.55468749999994,2.6855468749999996
385,cone_jet,244.14062499999997,2.4414062499999996
386,cone_jet,268.55468749999994,2.6855468749999996
387,cone_jet,268.55468749999994,2.6855468749999996
388,cone_jet,268.55468749999994,2.6855468749999996
389,cone_jet,268.55468749999994,2.6855468749999996
390,cone_jet,268.55468749999994,2.6855468749999996
391,cone_jet,268.55468749999994,2.6855468749999996
392,cone_jet,268.55468749999994,2.6855468749999996
393,cone_jet,268.55468749999994,2.6855468749999996
394,cone_jet,268.55468749999994,2.6855468749999996
395,cone_jet,268.55468749999994,2.6855468749999996
396,cone_jet,268.55468749999994,2.6855468749999996
397,cone_jet,268.55468749999994,2.6855468749999996
398,cone_jet,268.55468749999994,2.6855468749999996
399,cone_jet,268.55468749999994,2.6855468749999996
400,dripping,268.55468749999994,2.6855468749999996
401,dripping,268.55468749999994,2.6855468749999996
402,dripping,268.55468749999994,2.6855468749999996
403,dripping,268.55468749999994,2.6855468749999996
404,dripping,268.55468749999994,2.6855468749999996
405,dripping,268.55468749999994,2.6855468749999996
406,dripping,268.55468749999994,2.6855468749999996
407,dripping,268.55468749999994,2.6855468749999996
408,dripping,268.55468749999994,2.6855468749999996
409,dripping,268.55468749999994,2.6855468749999996
410,dripping,268.55468749999994,2.6855468749999996
411,dripping,268.55468749999994,2.6855468749999996
412,dripping,268.55468749999994,2.6855468749999996
413,dripping,268.55468749999994,2.6855468749999996
414,dripping,268.55468749999994,2.6855468749999996
415,dripping,268.55468749999994,2.6855468749999996
416,dripping,268.55468749999994,2.6855468749999996
417,dripping,244.14062499999997,2.4414062499999996
418,dripping,268.55468749999994,2.6855468749999996
419,dripping,268.55468749999994,2.6855468749999996
420,dripping,268.55468749999994,2.6855468749999996
421,dripping,268.55468749999994,2.6855468749999996
422,dripping,268.55468749999994,2.6855468749999996
423,dripping,268.55468749999994,2.6855468749999996
424,dripping,268.55468749999994,2.6855468749999996
425,dripping,268.55468749999994,2.6855468749999996
426,dripping,268.55468749999994,2.6855468749999996
427,dripping,268.55468749999994,2.6855468749999996
428,dripping,268.55468749999994,2.6855468749999996
429,dripping,268.55468749999994,2.6855468749999996
430,dripping,268.55468749999994,2.6855468749999996
431,dripping,268.55468749999994,2.6855468749999996
432,dripping,268.55468749999994,2.6855468749999996
433,dripping,268.55468749999994,2.6855468749999996
434,dripping,268.55468749999994,2.6855468749999996
435,dripping,268.55468749999994,2.6855468749999996
436,dripping,268.55468749999994,2.6855468749999996
437,dripping,268.55468749999994,2.6855468749999996
438,dripping,268.55468749999994,2.6855468749999996
439,dripping,268.55468749999994,2.6855468749999996
440,dripping,268.55468749999994,2.6855468749999996
441,dripping,268.55468749999994,2.6855468749999996
442,dripping,268.55468749999994,2.6855468749999996
443,dripping,268.55468749999994,2.6855468749999996
444,dripping,268.55468749999994,2.6855468749999996
445,dripping,268.55468749999994,2.6855468749999996
446,dripping,268.55468749999994,2.6855468749999996
447,dripping,268.55468749999994,2.6855468749999996
448,dripping,268.55468749999994,2.6855468749999996
449,dripping,244.14062499999997,2.4414062499999996
450,dripping,268.55468749999994,2.6855468749999996
451,dripping,268.55468749999994,2.6855468749999996
452,dripping,268.55468749999994,2.6855468749999996
453,dripping,268.55468749999994,2.6855468749999996
454,dripping,268.55468749999994,2.6855468749999996
455,dripping,268.55468749999994,2.6855468749999996
456,dripping,268.55468749999994,2.6855468749999996
457,dripping,268.55468749999994,2.6855468749999996
458,dripping,268.55468749999994,2.6855468749999996
459,dripping,268.55468749999994,2.6855468749999996
460,dripping,268.55468749999994,2.6855468749999996
461,dripping,268.55468749999994,2.6855468749999996
462,dripping,268.55468749999994,2.6855468749999996
463,dripping,268.55468749999994,2.6855468749999996
464,dripping,268.55468749999994,2.6855468749999996
465,dripping,268.55468749999994,2.6855468749999996
466,dripping,268.55468749999994,2.6855468749999996
467,dripping,268.55468749999994,2.6855468749999996
468,dripping,268.55468749999994,2.6855468749999996
469,dripping,268.55468749999994,2.6855468749999996
470,dripping,268.55468749999994,2.6855468749999996
471,dripping,268.55468749999994,2.6855468749999996
472,dripping,268.55468749999994,2.6855468749999996
473,dripping,268.55468749999994,2.6855468749999996
474,dripping,268.55468749999994,2.6855468749999996
475,dripping,268.55468749999994,2.6855468749999996
476,dripping,268.55468749999994,2.6855468749999996
477,dripping,268.55468749999994,2.6855468749999996
478,dripping,268.55468749999994,2.6855468749999996
479,dripping,268.55468749999994,2.6855468749999996
480,dripping,268.55468749999994,2.6855468749999996
481,dripping,268.55468749999994,2.6855468749999996
482,dripping,268.55468749999994,2.6855468749999996
483,dripping,268.55468749999994,2.6855468749999996
484,dripping,268.55468749999994,2.6855468749999996
485,dripping,268.55468749999994,2.6855468749999996
486,dripping,268.55468749999994,2.6855468749999996
487,dripping,268.55468749999994,2.6855468749999996
488,dripping,268.55468749999994,2.6855468749999996
489,dripping,268.55468749999994,2.6855468749999996
490,dripping,268.55468749999994,2.6855468749999996
491,dripping,268.55468749999994,2.6855468749999996
492,dripping,268.55468749999994,2.6855468749999996
493,dripping,268.55468749999994,2.6855468749999996
494,dripping,268.55468749999994,2.6855468749999996
495,dripping,268.55468749999994,2.6855468749999996
496,dripping,268.55468749999994,2.6855468749999996
497,dripping,268.55468749999994,2.6855468749999996
498,dripping,268.55468749999994,2.6855468749999996
499,dripping,268.55468749999994,2.6855468749999996
500,dripping,268.55468749999994,2.6855468749999996
501,dripping,268.55468749999994,2.6855468749999996
502,dripping,268.55468749999994,2.6855468749999996
503,dripping,268.55468749999994,2.6855468749999996
504,dripping,268.55468749999994,2.6855468749999996
505,dripping,268.55468749999994,2.6855468749999996
506,dripping,268.55468749999994,2.6855468749999996
507,dripping,268.55468749999994,2.6855468749999996
508,dripping,268.55468749999994,2.6855468749999996
509,dripping,268.55468749999994,2.6855468749999996
510,dripping,268.55468749999994,2.6855468749999996
511,dripping,268.55468749999994,2.6855468749999996
512,dripping,268.55468749999994,2.6855468749999996
513,dripping,268.55468749999994,2.6855468749999996
514,dripping,268.55468749999994,2.6855468749999996
515,dripping,268.55468749999994,2.6855468749999996
516,dripping,268.55468749999994,2.6855468749999996
517,dripping,268.55468749999994,2.6855468749999996
518,dripping,268.55468749999994,2.6855468749999996
519,dripping,268.55468749999994,2.6855468749999996
520,dripping,268.55468749999994,2.6855468749999996
521,dripping,268.55468749999994,2.6855468749999996
522,dripping,268.55468749999994,2.6855468749999996
523,dripping,268.55468749999994,2.6855468749999996
524,dripping,268.55468749999994,2.6855468749999996
525,dripping,268.55468749999994,2.6855468749999996
526,dripping,268.55468749999994,2.6855468749999996
527,dripping,268.55468749999994,2.6855468749999996
528,dripping,268.55468749999994,2.6855468749999996
529,dripping,268.55468749999994,2.6855468749999996
530,dripping,268.55468749999994,2.6855468749999996
531,dripping,268.55468749999994,2.6855468749999996
532,dripping,268.55468749999994,2.6855468749999996
533,dripping,268.55468749999994,2.6855468749999996
534,dripping,268.55468749999994,2.6855468749999996
535,dripping,268.55468749999994,2.6855468749999996
536,dripping,268.55468749999994,2.6855468749999996
537,dripping,268.55468749999994,2.6855468749999996
538,dripping,268.55468749999994,2.6855468749999996
539,dripping,268.55468749999994,2.6855468749999996
540,dripping,268.55468749999994,2.6855468749999996
541,dripping,268.55468749999994,2.6855468749999996
542,dripping,268.55468749999994,2.6855468749999996
543,dripping,268.55468749999994,2.6855468749999996
544,dripping,268.55468749999994,2.6855468749999996
545,dripping,268.55468749999994,2.6855468749999996
546,dripping,268.55468749999994,2.6855468749999996
547,dripping,268.55468749999994,2.6855468749999996
548,dripping,268.55468749999994,2.6855468749999996
549,dripping,268.55468749999994,2.6855468749999996
550,dripping,268.55468749999994,2.6855468749999996
551,dripping,268.55468749999994,2.6855468749999996
552,dripping,268.55468749999994,2.6855468749999996
553,dripping,268.55468749999994,2.6855468749999996
554,dripping,268.55468749999994,2.6855468749999996
555,dripping,268.55468749999994,2.6855468749999996
556,dripping,268.55468749999994,2.6855468749999996
557,dripping,268.55468749999994,2.6855468749999996
558,dripping,268.55468749999994,2.6855468749999996
559,dripping,268.55468749999994,2.6855468749999996
560,dripping,268.55468749999994,2.6855468749999996
561,dripping,268.55468749999994,2.6855468749999996
562,dripping,268.55468749999994,2.6855468749999996
563,dripping,244.14062499999997,2.4414062499999996
564,dripping,268.55468749999994,2.6855468749999996
565,dripping,268.55468749999994,2.6855468749999996
566,dripping,268.55468749999994,2.6855468749999996
567,dripping,268.55468749999994,2.6855468749999996
568,dripping,268.55468749999994,2.6855468749999996
569,dripping,268.55468749999994,2.6855468749999996
570,dripping,268.55468749999994,2.6855468749999996
571,dripping,268.55468749999994,2.6855468749999996
572,dripping,268.55468749999994,2.6855468749999996
573,dripping,268.55468749999994,2.6855468749999996
574,dripping,268.55468749999994,2.6855468749999996
575,dripping,268.55468749999994,2.6855468749999996
576,dripping,268.55468749999994,2.6855468749999996
577,dripping,268.55468749999994,2.6855468749999996
578,dripping,268.55468749999994,2.6855468749999996
579,dripping,268.55468749999994,2.6855468749999996
580,dripping,268.55468749999994,2.6855468749999996
581,dripping,268.55468749999994,2.6855468749999996
582,dripping,268.55468749999994,2.6855468749999996
583,dripping,268.55468749999994,2.6855468749999996
584,dripping,268.55468749999994,2.6855468749999996
585,dripping,268.55468749999994,2.6855468749999996
586,dripping,268.55468749999994,2.6855468749999996
587,dripping,244.14062499999997,2.4414062499999996
588,dripping,268.55468749999994,2.6855468749999996
589,dripping,268.55468749999994,2.6855468749999996
590,dripping,268.55468749999994,2.6855468749999996
591,dripping,268.55468749999994,2.6855468749999996
592,dripping,268.55468749999994,2.6855468749999996
593,dripping,268.55468749999994,2.6855468749999996
594,dripping,268.55468749999994,2.6855468749999996
595,dripping,268.55468749999994,2.6855468749999996
596,dripping,268.55468749999994,2.6855468749999996
597,dripping,268.55468749999994,2.6855468749999996
598,dripping,268.55468749999994,2.6855468749999996
599,dripping,268.55468749999994,2.6855468749999996
600,dripping,268.55468749999994,2.6855468749999996
601,dripping,268.55468749999994,2.6855468749999996
602,dripping,268.55468749999994,2.6855468749999996
603,dripping,268.55468749999994,2.6855468749999996
604,dripping,268.55468749999994,2.6855468749999996
605,dripping,268.55468749999994,2.6855468749999996
606,dripping,268.55468749999994,2.6855468749999996
607,dripping,268.55468749999994,2.6855468749999996
608,dripping,268.55468749999994,2.6855468749999996
609,dripping,268.55468749999994,2.6855468749999996
610,dripping,268.55468749999994,2.6855468749999996
611,dripping,268.55468749999994,2.6855468749999996
612,dripping,268.55468749999994,2.6855468749999996
613,dripping,268.55468749999994,2.6855468749999996
614,dripping,268.55468749999994,2.6855468749999996
615,dripping,268.55468749999994,2.6855468749999996
616,dripping,268.55468749999994,2.6855468749999996
617,dripping,268.55468749999994,2.6855468749999996
618,dripping,268.55468749999994,2.6855468749999996
619,dripping,268.55468749999994,2.6855468749999996
620,dripping,268.55468749999994,2.6855468749999996
621,dripping,268.55468749999994,2.6855468749999996
622,dripping,268.55468749999994,2.6855468749999996
623,dripping,268.55468749999994,2.6855468749999996
624,dripping,268.55468749999994,2.6855468749999996
625,dripping,268.55468749999994,2.6855468749999996
626,dripping,268.55468749999994,2.6855468749999996
627,dripping,244.14062499999997,2.4414062499999996
628,dripping,268.55468749999994,2.6855468749999996
629,dripping,268.55468749999994,2.6855468749999996
630,dripping,244.14062499999997,2.4414062499999996
631,dripping,268.55468749999994,2.6855468749999996
632,dripping,244.14062499999997,2.4414062499999996
633,dripping,268.55468749999994,2.6855468749999996
634,dripping,268.55468749999994,2.6855468749999996
635,dripping,268.55468749999994,2.6855468749999996
636,dripping,268.55468749999994,2.6855468749999996
637,dripping,268.55468749999994,2.6855468749999996
638,dripping,268.55468749999994,2.6855468749999996
639,dripping,268.55468749999994,2.6855468749999996
640,dripping,268.55468749999994,2.6855468749999996
641,dripping,268.55468749999994,2.6855468749999996
642,dripping,268.55468749999994,2.6855468749999996
643,dripping,268.55468749999994,2.6855468749999996
644,dripping,268.55468749999994,2.6855468749999996
645,dripping,268.55468749999994,2.6855468749999996
646,dripping,268.55468749999994,2.6855468749999996
647,dripping,268.55468749999994,2.6855468749999996
648,dripping,268.55468749999994,2.6855468749999996
649,dripping,268.55468749999994,2.6855468749999996
650,dripping,268.55468749999994,2.6855468749999996
651,dripping,268.55468749999994,2.6855468749999996
652,dripping,268.55468749999994,2.6855468749999996
653,dripping,268.55468749999994,2.6855468749999996
654,dripping,268.55468749999994,2.6855468749999996
655,dripping,268.55468749999994,2.6855468749999996
656,dripping,268.55468749999994,2.6855468749999996
657,dripping,268.55468749999994,2.6855468749999996
658,dripping,268.55468749999994,2.6855468749999996
659,dripping,268.55468749999994,2.6855468749999996
660,dripping,244.14062499999997,2.4414062499999996
661,dripping,268.55468749999994,2.6855468749999996
662,dripping,268.55468749999994,2.6855468749999996
663,dripping,268.55468749999994,2.6855468749999996
664,dripping,268.55468749999994,2.6855468749999996
665,dripping,268.55468749999994,2.6855468749999996
666,dripping,268.55468749999994,2.6855468749999996
667,dripping,268.55468749999994,2.6855468749999996
668,dripping,268.55468749999994,2.6855468749999996
669,dripping,268.55468749999994,2.6855468749999996
670,dripping,268.55468749999994,2.6855468749999996
671,dripping,268.55468749999994,2.6855468749999996
672,dripping,268.55468749999994,2.6855468749999996
673,dripping,268.55468749999994,2.6855468749999996
674,dripping,268.55468749999994,2.6855468749999996
675,dripping,268.55468749999994,2.6855468749999996
676,dripping,268.55468749999994,2.6855468749999996
677,dripping,268.55468749999994,2.6855468749999996
678,dripping,268.55468749999994,2.6855468749999996
679,dripping,268.55468749999994,2.6855468749999996
680,dripping,268.55468749999994,2.6855468749999996
681,dripping,268.55468749999994,2.6855468749999996
682,dripping,268.55468749999994,2.6855468749999996
683,dripping,268.55468749999994,2.6855468749999996
684,dripping,268.55468749999994,2.6855468749999996
685,dripping,268.55468749999994,2.6855468749999996
686,dripping,268.55468749999994,2.6855468749999996
687,dripping,268.55468749999994,2.6855468749999996
688,dripping,268.55468749999994,2.6855468749999996
689,dripping,268.55468749999994,2.6855468749999996
690,dripping,268.55468749999994,2.6855468749999996
691,dripping,268.55468749999994,2.6855468749999996
692,dripping,268.55468749999994,2.6855468749999996
693,dripping,268.55468749999994,2.6855468749999996
694,dripping,268.55468749999994,2.6855468749999996
695,dripping,268.55468749999994,2.6855468749999996
696,dripping,268.55468749999994,2.6855468749999996
697,dripping,268.55468749999994,2.6855468749999996
698,dripping,268.55468749999994,2.6855468749999996
699,dripping,268.55468749999994,2.6855468749999996
700,dripping,268.55468749999994,2.6855468749999996
701,dripping,268.55468749999994,2.6855468749999996
702,dripping,268.55468749999994,2.6855468749999996
703,dripping,268.55468749999994,2.6855468749999996
704,dripping,268.55468749999994,2.6855468749999996
705,dripping,268.55468749999994,2.6855468749999996
706,dripping,268.55468749999994,2.6855468749999996
707,dripping,268.55468749999994,2.6855468749999996
708,dripping,268.55468749999994,2.6855468749999996
709,dripping,268.55468749999994,2.6855468749999996
710,dripping,268.55468749999994,2.6855468749999996
711,dripping,268.55468749999994,2.6855468749999996
712,dripping,268.55468749999994,2.6855468749999996
713,dripping,268.55468749999994,2.6855468749999996
714,dripping,268.55468749999994,2.6855468749999996
715,dripping,268.55468749999994,2.6855468749999996
716,dripping,268.55468749999994,2.6855468749999996
717,dripping,268.55468749999994,2.6855468749999996
718,dripping,268.55468749999994,2.6855468749999996
719,dripping,268.55468749999994,2.6855468749999996
720,dripping,268.55468749999994,2.6855468749999996
721,dripping,268.55468749999994,2.6855468749999996
722,dripping,268.55468749999994,2.6855468749999996
723,dripping,268.55468749999994,2.6855468749999996
724,dripping,268.55468749999994,2.6855468749999996
725,dripping,268.55468749999994,2.6855468749999996
726,dripping,268.55468749999994,2.6855468749999996
727,dripping,268.55468749999994,2.6855468749999996
728,dripping,268.55468749999994,2.6855468749999996
729,dripping,268.55468749999994,2.6855468749999996
730,dripping,244.14062499999997,2.4414062499999996
731,dripping,268.55468749999994,2.6855468749999996
732,dripping,268.55468749999994,2.6855468749999996
733,dripping,268.55468749999994,2.6855468749999996
734,dripping,268.55468749999994,2.6855468749999996
735,dripping,268.55468749999994,2.6855468749999996
736,dripping,268.55468749999994,2.6855468749999996
737,dripping,268.55468749999994,2.6855468749999996
738,dripping,268.55468749999994,2.6855468749999996
739,dripping,268.55468749999994,2.6855468749999996
740,dripping,268.55468749999994,2.6855468749999996
741,dripping,268.55468749999994,2.6855468749999996
742,dripping,268.55468749999994,2.6855468749999996
743,dripping,268.55468749999994,2.6855468749999996
744,dripping,268.55468749999994,2.6855468749999996
745,dripping,268.55468749999994,2.6855468749999996
746,dripping,268.55468749999994,2.6855468749999996
747,dripping,268.55468749999994,2.6855468749999996
748,dripping,268.55468749999994,2.6855468749999996
749,dripping,268.55468749999994,2.6855468749999996
750,dripping,268.55468749999994,2.6855468749999996
751,dripping,268.55468749999994,2.6855468749999996
752,dripping,268.55468749999994,2.6855468749999996
753,dripping,268.55468749999994,2.6855468749999996
754,dripping,268.55468749999994,2.6855468749999996
755,dripping,268.55468749999994,2.6855468749999996
756,dripping,268.55468749999994,2.6855468749999996
757,dripping,268.55468749999994,2.6855468749999996
758,dripping,268.55468749999994,2.6855468749999996
759,dripping,268.55468749999994,2.6855468749999996
760,dripping,268.55468749999994,2.6855468749999996
761,dripping,268.55468749999994,2.6855468749999996
762,dripping,268.55468749999994,2.6855468749999996
763,dripping,268.55468749999994,2.6855468749999996
764,dripping,268.55468749999994,2.6855468749999996
765,dripping,268.55468749999994,2.6855468749999996
766,dripping,268.55468749999994,2.6855468749999996
767,dripping,268.55468749999994,2.6855468749999996
768,dripping,268.55468749999994,2.6855468749999996
769,dripping,268.55468749999994,2.6855468749999996
770,dripping,268.55468749999994,2.6855468749999996
771,dripping,268.55468749999994,2.6855468749999996
772,dripping,268.55468749999994,2.6855468749999996
773,dripping,268.55468749999994,2.6855468749999996
774,dripping,268.55468749999994,2.6855468749999996
775,dripping,268.55468749999994,2.6855468749999996
776,dripping,268.55468749999994,2.6855468749999996
777,dripping,268.55468749999994,2.6855468749999996
778,dripping,268.55468749999994,2.6855468749999996
779,dripping,268.55468749999994,2.6855468749999996
780,dripping,268.55468749999994,2.6855468749999996
781,dripping,268.55468749999994,2.6855468749999996
782,dripping,268.55468749999994,2.6855468749999996
783,dripping,268.55468749999994,2.6855468749999996
784,dripping,268.55468749999994,2.6855468749999996
785,dripping,268.55468749999994,2.6855468749999996
786,dripping,268.55468749999994,2.6855468749999996
787,dripping,268.55468749999994,2.6855468749999996
788,dripping,268.55468749999994,2.6855468749999996
789,dripping,268.55468749999994,2.6855468749999996
790,dripping,268.55468749999994,2.6855468749999996
791,dripping,268.55468749999994,2.6855468749999996
792,dripping,268.55468749999994,2.6855468749999996
793,dripping,268.55468749999994,2.6855468749999996
794,dripping,268.55468749999994,2.6855468749999996
795,dripping,268.55468749999994,2.6855468749999996
796,dripping,268.55468749999994,2.6855468749999996
797,dripping,268.55468749999994,2.6855468749999996
798,dripping,268.55468749999994,2.6855468749999996
799,dripping,268.55468749999994,2.6855468749999996
800,intermitent,268.55468749999994,2.6855468749999996
801,intermitent,268.55468749999994,2.6855468749999996
802,intermitent,268.55468749999994,2.6855468749999996
803,intermitent,268.55468749999994,2.6855468749999996
804,intermitent,268.55468749999994,2.6855468749999996
805,intermitent,268.55468749999994,2.6855468749999996
806,intermitent,268.55468749999994,2.6855468749999996
807,intermitent,268.55468749999994,2.6855468749999996
808,intermitent,268.55468749999994,2.6855468749999996
809,intermitent,268.55468749999994,2.6855468749999996
810,intermitent,268.55468749999994,2.6855468749999996
811,intermitent,268.55468749999994,2.6855468749999996
812,intermitent,268.55468749999994,2.6855468749999996
813,intermitent,268.55468749999994,2.6855468749999996
814,intermitent,268.55468749999994,2.6855468749999996
815,intermitent,268.55468749999994,2.6855468749999996
816,intermitent,268.55468749999994,2.6855468749999996
817,intermitent,268.55468749999994,2.6855468749999996
818,intermitent,268.55468749999994,2.6855468749999996
819,intermitent,268.55468749999994,2.6855468749999996
820,intermitent,268.55468749999994,2.6855468749999996
821,intermitent,268.55468749999994,2.6855468749999996
822,intermitent,268.55468749999994,2.6855468749999996
823,intermitent,268.55468749999994,2.6855468749999996
824,intermitent,268.55468749999994,2.6855468749999996
825,intermitent,268.55468749999994,2.6855468749999996
826,intermitent,268.55468749999994,2.6855468749999996
827,intermitent,268.55468749999994,2.6855468749999996
828,intermitent,268.55468749999994,2.6855468749999996
829,intermitent,268.55468749999994,2.6855468749999996
830,intermitent,268.55468749999994,2.6855468749999996
831,intermitent,268.55468749999994,2.6855468749999996
832,intermitent,268.55468749999994,2.6855468749999996
833,intermitent,268.55468749999994,2.6855468749999996
834,intermitent,268.55468749999994,2.6855468749999996
835,intermitent,268.55468749999994,2.6855468749999996
836,intermitent,268.55468749999994,2.6855468749999996
837,intermitent,268.55468749999994,2.6855468749999996
838,intermitent,268.55468749999994,2.6855468749999996
839,intermitent,268.55468749999994,2.6855468749999996
840,intermitent,268.55468749999994,2.6855468749999996
841,intermitent,268.55468749999994,2.6855468749999996
842,intermitent,268.55468749999994,2.6855468749999996
843,intermitent,268.55468749999994,2.6855468749999996
844,intermitent,268.55468749999994,2.6855468749999996
845,intermitent,268.55468749999994,2.6855468749999996
846,intermitent,268.55468749999994,2.6855468749999996
847,intermitent,268.55468749999994,2.6855468749999996
848,intermitent,244.14062499999997,2.4414062499999996
849,intermitent,268.55468749999994,2.6855468749999996
850,intermitent,268.55468749999994,2.6855468749999996
851,intermitent,268.55468749999994,2.6855468749999996
852,intermitent,268.55468749999994,2.6855468749999996
853,intermitent,268.55468749999994,2.6855468749999996
854,intermitent,268.55468749999994,2.6855468749999996
855,intermitent,268.55468749999994,2.6855468749999996
856,intermitent,268.55468749999994,2.6855468749999996
857,intermitent,268.55468749999994,2.6855468749999996
858,intermitent,268.55468749999994,2.6855468749999996
859,intermitent,268.55468749999994,2.6855468749999996
860,intermitent,268.55468749999994,2.6855468749999996
861,intermitent,268.55468749999994,2.6855468749999996
862,intermitent,268.55468749999994,2.6855468749999996
863,intermitent,268.55468749999994,2.6855468749999996
864,intermitent,268.55468749999994,2.6855468749999996
865,intermitent,268.55468749999994,2.6855468749999996
866,intermitent,268.55468749999994,2.6855468749999996
867,intermitent,268.55468749999994,2.6855468749999996
868,intermitent,268.55468749999994,2.6855468749999996
869,intermitent,268.55468749999994,2.6855468749999996
870,intermitent,244.14062499999997,2.4414062499999996
871,intermitent,268.55468749999994,2.6855468749999996
872,intermitent,268.55468749999994,2.6855468749999996
873,intermitent,268.55468749999994,2.6855468749999996
874,intermitent,268.55468749999994,2.6855468749999996
875,intermitent,268.55468749999994,2.6855468749999996
876,intermitent,268.55468749999994,2.6855468749999996
877,intermitent,268.55468749999994,2.6855468749999996
878,intermitent,268.55468749999994,2.6855468749999996
879,intermitent,268.55468749999994,2.6855468749999996
880,intermitent,268.55468749999994,2.6855468749999996
881,intermitent,268.55468749999994,2.6855468749999996
882,intermitent,268.55468749999994,2.6855468749999996
883,intermitent,268.55468749999994,2.6855468749999996
884,intermitent,268.55468749999994,2.6855468749999996
885,intermitent,268.55468749999994,2.6855468749999996
886,intermitent,268.55468749999994,2.6855468749999996
887,intermitent,268.55468749999994,2.6855468749999996
888,intermitent,268.55468749999994,2.6855468749999996
889,intermitent,268.55468749999994,2.6855468749999996
890,intermitent,268.55468749999994,2.6855468749999996
891,intermitent,268.55468749999994,2.6855468749999996
892,intermitent,268.55468749999994,2.6855468749999996
893,intermitent,268.55468749999994,2.6855468749999996
894,intermitent,268.55468749999994,2.6855468749999996
895,intermitent,268.55468749999994,2.6855468749999996
896,intermitent,268.55468749999994,2.6855468749999996
897,intermitent,268.55468749999994,2.6855468749999996
898,intermitent,268.55468749999994,2.6855468749999996
899,intermitent,268.55468749999994,2.6855468749999996
900,intermitent,268.55468749999994,2.6855468749999996
901,intermitent,268.55468749999994,2.6855468749999996
902,intermitent,268.55468749999994,2.6855468749999996
903,intermitent,268.55468749999994,2.6855468749999996
904,intermitent,268.55468749999994,2.6855468749999996
905,intermitent,268.55468749999994,2.6855468749999996
906,intermitent,268.55468749999994,2.6855468749999996
907,intermitent,268.55468749999994,2.6855468749999996
908,intermitent,268.55468749999994,2.6855468749999996
909,intermitent,268.55468749999994,2.6855468749999996
910,intermitent,268.55468749999994,2.6855468749999996
911,intermitent,268.55468749999994,2.6855468749999996
912,intermitent,268.55468749999994,2.6855468749999996
913,intermitent,268.55468749999994,2.6855468749999996
914,intermitent,268.55468749999994,2.6855468749999996
915,intermitent,268.55468749999994,2.6855468749999996
916,intermitent,268.55468749999994,2.6855468749999996
917,intermitent,268.55468749999994,2.6855468749999996
918,intermitent,268.55468749999994,2.6855468749999996
919,intermitent,268.55468749999994,2.6855468749999996
920,intermitent,268.55468749999994,2.6855468749999996
921,intermitent,268.55468749999994,2.6855468749999996
922,intermitent,268.55468749999994,2.6855468749999996
923,intermitent,268.55468749999994,2.6855468749999996
924,intermitent,268.55468749999994,2.6855468749999996
925,intermitent,268.55468749999994,2.6855468749999996
926,intermitent,268.55468749999994,2.6855468749999996
927,intermitent,268.55468749999994,2.6855468749999996
928,intermitent,268.55468749999994,2.6855468749999996
929,intermitent,268.55468749999994,2.6855468749999996
930,intermitent,268.55468749999994,2.6855468749999996
931,intermitent,244.14062499999997,2.4414062499999996
932,intermitent,268.55468749999994,2.6855468749999996
933,intermitent,268.55468749999994,2.6855468749999996
934,intermitent,268.55468749999994,2.6855468749999996
935,intermitent,268.55468749999994,2.6855468749999996
936,intermitent,268.55468749999994,2.6855468749999996
937,intermitent,268.55468749999994,2.6855468749999996
938,intermitent,268.55468749999994,2.6855468749999996
939,intermitent,268.55468749999994,2.6855468749999996
940,intermitent,268.55468749999994,2.6855468749999996
941,intermitent,268.55468749999994,2.6855468749999996
942,intermitent,268.55468749999994,2.6855468749999996
943,intermitent,268.55468749999994,2.6855468749999996
944,intermitent,268.55468749999994,2.6855468749999996
945,intermitent,268.55468749999994,2.6855468749999996
946,intermitent,268.55468749999994,2.6855468749999996
947,intermitent,268.55468749999994,2.6855468749999996
948,intermitent,268.55468749999994,2.6855468749999996
949,intermitent,268.55468749999994,2.6855468749999996
950,intermitent,268.55468749999994,2.6855468749999996
951,intermitent,268.55468749999994,2.6855468749999996
952,intermitent,268.55468749999994,2.6855468749999996
953,intermitent,268.55468749999994,2.6855468749999996
954,intermitent,268.55468749999994,2.6855468749999996
955,intermitent,268.55468749999994,2.6855468749999996
956,intermitent,268.55468749999994,2.6855468749999996
957,intermitent,268.55468749999994,2.6855468749999996
958,intermitent,268.55468749999994,2.6855468749999996
959,intermitent,268.55468749999994,2.6855468749999996
960,intermitent,268.55468749999994,2.6855468749999996
961,intermitent,268.55468749999994,2.6855468749999996
962,intermitent,268.55468749999994,2.6855468749999996
963,intermitent,268.55468749999994,2.6855468749999996
964,intermitent,244.14062499999997,2.4414062499999996
965,intermitent,268.55468749999994,2.6855468749999996
966,intermitent,268.55468749999994,2.6855468749999996
967,intermitent,268.55468749999994,2.6855468749999996
968,intermitent,268.55468749999994,2.6855468749999996
969,intermitent,268.55468749999994,2.6855468749999996
970,intermitent,268.55468749999994,2.6855468749999996
971,intermitent,268.55468749999994,2.6855468749999996
972,intermitent,268.55468749999994,2.6855468749999996
973,intermitent,268.55468749999994,2.6855468749999996
974,intermitent,268.55468749999994,2.6855468749999996
975,intermitent,268.55468749999994,2.6855468749999996
976,intermitent,268.55468749999994,2.6855468749999996
977,intermitent,268.55468749999994,2.6855468749999996
978,intermitent,268.55468749999994,2.6855468749999996
979,intermitent,268.55468749999994,2.6855468749999996
980,intermitent,268.55468749999994,2.6855468749999996
981,intermitent,268.55468749999994,2.6855468749999996
982,intermitent,268.55468749999994,2.6855468749999996
983,intermitent,244.14062499999997,2.4414062499999996
984,intermitent,268.55468749999994,2.6855468749999996
985,intermitent,268.55468749999994,2.6855468749999996
986,intermitent,268.55468749999994,2.6855468749999996
987,intermitent,268.55468749999994,2.6855468749999996
988,intermitent,268.55468749999994,2.6855468749999996
989,intermitent,268.55468749999994,2.6855468749999996
990,intermitent,268.55468749999994,2.6855468749999996
991,intermitent,268.55468749999994,2.6855468749999996
992,intermitent,268.55468749999994,2.6855468749999996
993,intermitent,268.55468749999994,2.6855468749999996
994,intermitent,268.55468749999994,2.6855468749999996
995,intermitent,268.55468749999994,2.6855468749999996
996,intermitent,268.55468749999994,2.6855468749999996
997,intermitent,268.55468749999994,2.6855468749999996
998,intermitent,268.55468749999994,2.6855468749999996
999,intermitent,268.55468749999994,2.6855468749999996
1000,intermitent,268.55468749999994,2.6855468749999996
1001,intermitent,244.14062499999997,2.4414062499999996
1002,intermitent,244.14062499999997,2.4414062499999996
1003,intermitent,268.55468749999994,2.6855468749999996
1004,intermitent,268.55468749999994,2.6855468749999996
1005,intermitent,268.55468749999994,2.6855468749999996
1006,intermitent,268.55468749999994,2.6855468749999996
1007,intermitent,268.55468749999994,2.6855468749999996
1008,intermitent,268.55468749999994,2.6855468749999996
1009,intermitent,268.55468749999994,2.6855468749999996
1010,intermitent,268.55468749999994,2.6855468749999996
1011,intermitent,268.55468749999994,2.6855468749999996
1012,intermitent,268.55468749999994,2.6855468749999996
1013,intermitent,268.55468749999994,2.6855468749999996
1014,intermitent,268.55468749999994,2.6855468749999996
1015,intermitent,268.55468749999994,2.6855468749999996
1016,intermitent,268.55468749999994,2.6855468749999996
1017,intermitent,268.55468749999994,2.6855468749999996
1018,intermitent,268.55468749999994,2.6855468749999996
1019,intermitent,268.55468749999994,2.6855468749999996
1020,intermitent,268.55468749999994,2.6855468749999996
1021,intermitent,244.14062499999997,2.4414062499999996
1022,intermitent,268.55468749999994,2.6855468749999996
1023,intermitent,268.55468749999994,2.6855468749999996
1024,intermitent,268.55468749999994,2.6855468749999996
1025,intermitent,268.55468749999994,2.6855468749999996
1026,intermitent,268.55468749999994,2.6855468749999996
1027,intermitent,244.14062499999997,2.4414062499999996
1028,intermitent,268.55468749999994,2.6855468749999996
1029,intermitent,268.55468749999994,2.6855468749999996
1030,intermitent,268.55468749999994,2.6855468749999996
1031,intermitent,268.55468749999994,2.6855468749999996
1032,intermitent,268.55468749999994,2.6855468749999996
1033,intermitent,268.55468749999994,2.6855468749999996
1034,intermitent,244.14062499999997,2.4414062499999996
1035,intermitent,268.55468749999994,2.6855468749999996
1036,intermitent,268.55468749999994,2.6855468749999996
1037,intermitent,268.55468749999994,2.6855468749999996
1038,intermitent,268.55468749999994,2.6855468749999996
1039,intermitent,268.55468749999994,2.6855468749999996
1040,intermitent,268.55468749999994,2.6855468749999996
1041,intermitent,268.55468749999994,2.6855468749999996
1042,intermitent,268.55468749999994,2.6855468749999996
1043,intermitent,244.14062499999997,2.4414062499999996
1044,intermitent,268.55468749999994,2.6855468749999996
1045,intermitent,268.55468749999994,2.6855468749999996
1046,intermitent,268.55468749999994,2.6855468749999996
1047,intermitent,268.55468749999994,2.6855468749999996
1048,intermitent,268.55468749999994,2.6855468749999996
1049,intermitent,268.55468749999994,2.6855468749999996
1050,intermitent,268.55468749999994,2.6855468749999996
1051,intermitent,268.55468749999994,2.6855468749999996
1052,intermitent,268.55468749999994,2.6855468749999996
1053,intermitent,268.55468749999994,2.6855468749999996
1054,intermitent,268.55468749999994,2.6855468749999996
1055,intermitent,268.55468749999994,2.6855468749999996
1056,intermitent,268.55468749999994,2.6855468749999996
1057,intermitent,268.55468749999994,2.6855468749999996
1058,intermitent,268.55468749999994,2.6855468749999996
1059,intermitent,244.14062499999997,2.4414062499999996
1060,intermitent,268.55468749999994,2.6855468749999996
1061,intermitent,268.55468749999994,2.6855468749999996
1062,intermitent,268.55468749999994,2.6855468749999996
1063,intermitent,268.55468749999994,2.6855468749999996
1064,intermitent,268.55468749999994,2.6855468749999996
1065,intermitent,268.55468749999994,2.6855468749999996
1066,intermitent,268.55468749999994,2.6855468749999996
1067,intermitent,268.55468749999994,2.6855468749999996
1068,intermitent,268.55468749999994,2.6855468749999996
1069,intermitent,268.55468749999994,2.6855468749999996
1070,intermitent,268.55468749999994,2.6855468749999996
1071,intermitent,268.55468749999994,2.6855468749999996
1072,intermitent,268.55468749999994,2.6855468749999996
1073,intermitent,268.55468749999994,2.6855468749999996
1074,intermitent,268.55468749999994,2.6855468749999996
1075,intermitent,268.55468749999994,2.6855468749999996
1076,intermitent,268.55468749999994,2.6855468749999996
1077,intermitent,268.55468749999994,2.6855468749999996
1078,intermitent,268.55468749999994,2.6855468749999996
1079,intermitent,268.55468749999994,2.6855468749999996
1080,intermitent,268.55468749999994,2.6855468749999996
1081,intermitent,268.55468749999994,2.6855468749999996
1082,intermitent,268.55468749999994,2.6855468749999996
1083,intermitent,268.55468749999994,2.6855468749999996
1084,intermitent,268.55468749999994,2.6855468749999996
1085,intermitent,268.55468749999994,2.6855468749999996
1086,intermitent,268.55468749999994,2.6855468749999996
1087,intermitent,268.55468749999994,2.6855468749999996
1088,intermitent,268.55468749999994,2.6855468749999996
1089,intermitent,268.55468749999994,2.6855468749999996
1090,intermitent,268.55468749999994,2.6855468749999996
1091,intermitent,268.55468749999994,2.6855468749999996
1092,intermitent,268.55468749999994,2.6855468749999996
1093,intermitent,268.55468749999994,2.6855468749999996
1094,intermitent,268.55468749999994,2.6855468749999996
1095,intermitent,268.55468749999994,2.6855468749999996
1096,intermitent,268.55468749999994,2.6855468749999996
1097,intermitent,268.55468749999994,2.6855468749999996
1098,intermitent,268.55468749999994,2.6855468749999996
1099,intermitent,268.55468749999994,2.6855468749999996
1100,intermitent,268.55468749999994,2.6855468749999996
1101,intermitent,268.55468749999994,2.6855468749999996
1102,intermitent,268.55468749999994,2.6855468749999996
1103,intermitent,268.55468749999994,2.6855468749999996
1104,intermitent,268.55468749999994,2.6855468749999996
1105,intermitent,268.55468749999994,2.6855468749999996
1106,intermitent,268.55468749999994,2.6855468749999996
1107,intermitent,268.55468749999994,2.6855468749999996
1108,intermitent,244.14062499999997,2.4414062499999996
1109,intermitent,268.55468749999994,2.6855468749999996
1110,intermitent,268.55468749999994,2.6855468749999996
1111,intermitent,268.55468749999994,2.6855468749999996
1112,intermitent,268.55468749999994,2.6855468749999996
1113,intermitent,268.55468749999994,2.6855468749999996
1114,intermitent,268.55468749999994,2.6855468749999996
1115,intermitent,268.55468749999994,2.6855468749999996
1116,intermitent,268.55468749999994,2.6855468749999996
1117,intermitent,268.55468749999994,2.6855468749999996
1118,intermitent,268.55468749999994,2.6855468749999996
1119,intermitent,268.55468749999994,2.6855468749999996
1120,intermitent,268.55468749999994,2.6855468749999996
1121,intermitent,268.55468749999994,2.6855468749999996
1122,intermitent,268.55468749999994,2.6855468749999996
1123,intermitent,268.55468749999994,2.6855468749999996
1124,intermitent,268.55468749999994,2.6855468749999996
1125,intermitent,268.55468749999994,2.6855468749999996
1126,intermitent,268.55468749999994,2.6855468749999996
1127,intermitent,268.55468749999994,2.6855468749999996
1128,intermitent,268.55468749999994,2.6855468749999996
1129,intermitent,268.55468749999994,2.6855468749999996
1130,intermitent,268.55468749999994,2.6855468749999996
1131,intermitent,268.55468749999994,2.6855468749999996
1132,intermitent,268.55468749999994,2.6855468749999996
1133,intermitent,268.55468749999994,2.6855468749999996
1134,intermitent,268.55468749999994,2.6855468749999996
1135,intermitent,268.55468749999994,2.6855468749999996
1136,intermitent,244.14062499999997,2.4414062499999996
1137,intermitent,268.55468749999994,2.6855468749999996
1138,intermitent,268.55468749999994,2.6855468749999996
1139,intermitent,268.55468749999994,2.6855468749999996
1140,intermitent,268.55468749999994,2.6855468749999996
1141,intermitent,268.55468749999994,2.6855468749999996
1142,intermitent,268.55468749999994,2.6855468749999996
1143,intermitent,268.55468749999994,2.6855468749999996
1144,intermitent,268.55468749999994,2.6855468749999996
1145,intermitent,268.55468749999994,2.6855468749999996
1146,intermitent,268.55468749999994,2.6855468749999996
1147,intermitent,268.55468749999994,2.6855468749999996
1148,intermitent,268.55468749999994,2.6855468749999996
1149,intermitent,268.55468749999994,2.6855468749999996
1150,intermitent,268.55468749999994,2.6855468749999996
1151,intermitent,268.55468749999994,2.6855468749999996
1152,intermitent,268.55468749999994,2.6855468749999996
1153,intermitent,268.55468749999994,2.6855468749999996
1154,intermitent,268.55468749999994,2.6855468749999996
1155,intermitent,268.55468749999994,2.6855468749999996
1156,intermitent,268.55468749999994,2.6855468749999996
1157,intermitent,268.55468749999994,2.6855468749999996
1158,intermitent,244.14062499999997,2.4414062499999996
1159,intermitent,268.55468749999994,2.6855468749999996
1160,intermitent,268.55468749999994,2.6855468749999996
1161,intermitent,268.55468749999994,2.6855468749999996
1162,intermitent,268.55468749999994,2.6855468749999996
1163,intermitent,268.55468749999994,2.6855468749999996
1164,intermitent,268.55468749999994,2.6855468749999996
1165,intermitent,268.55468749999994,2.6855468749999996
1166,intermitent,268.55468749999994,2.6855468749999996
1167,intermitent,268.55468749999994,2.6855468749999996
1168,intermitent,268.55468749999994,2.6855468749999996
1169,intermitent,268.55468749999994,2.6855468749999996
1170,intermitent,268.55468749999994,2.6855468749999996
1171,intermitent,268.55468749999994,2.6855468749999996
1172,intermitent,268.55468749999994,2.6855468749999996
1173,intermitent,268.55468749999994,2.6855468749999996
1174,intermitent,268.55468749999994,2.6855468749999996
1175,intermitent,268.55468749999994,2.6855468749999996
1176,intermitent,268.55468749999994,2.6855468749999996
1177,intermitent,268.55468749999994,2.6855468749999996
1178,intermitent,268.55468749999994,2.6855468749999996
1179,intermitent,268.55468749999994,2.6855468749999996
1180,intermitent,268.55468749999994,2.6855468749999996
1181,intermitent,268.55468749999994,2.6855468749999996
1182,intermitent,268.55468749999994,2.6855468749999996
1183,intermitent,268.55468749999994,2.6855468749999996
1184,intermitent,268.55468749999994,2.6855468749999996
1185,intermitent,268.55468749999994,2.6855468749999996
1186,intermitent,268.55468749999994,2.6855468749999996
1187,intermitent,268.55468749999994,2.6855468749999996
1188,intermitent,268.55468749999994,2.6855468749999996
1189,intermitent,268.55468749999994,2.6855468749999996
1190,intermitent,268.55468749999994,2.6855468749999996
1191,intermitent,268.55468749999994,2.6855468749999996
1192,intermitent,268.55468749999994,2.6855468749999996
1193,intermitent,268.55468749999994,2.6855468749999996
1194,intermitent,268.55468749999994,2.6855468749999996
1195,intermitent,268.55468749999994,2.6855468749999996
1196,intermitent,268.55468749999994,2.6855468749999996
1197,intermitent,268.55468749999994,2.6855468749999996
1198,intermitent,244.14062499999997,2.4414062499999996
1199,intermitent,268.55468749999994,2.6855468749999996
1200,intermitent,268.55468749999994,2.6855468749999996
1201,intermitent,268.55468749999994,2.6855468749999996
1202,intermitent,268.55468749999994,2.6855468749999996
1203,intermitent,268.55468749999994,2.6855468749999996
1204,intermitent,244.14062499999997,2.4414062499999996
1205,intermitent,268.55468749999994,2.6855468749999996
1206,intermitent,268.55468749999994,2.6855468749999996
1207,intermitent,268.55468749999994,2.6855468749999996
1208,intermitent,268.55468749999994,2.6855468749999996
1209,intermitent,268.55468749999994,2.6855468749999996
1210,multi_jet,268.55468749999994,2.6855468749999996
1211,multi_jet,268.55468749999994,2.6855468749999996
1212,multi_jet,268.55468749999994,2.6855468749999996
1213,multi_jet,268.55468749999994,2.6855468749999996
1214,multi_jet,268.55468749999994,2.6855468749999996
1215,multi_jet,268.55468749999994,2.6855468749999996
1216,multi_jet,268.55468749999994,2.6855468749999996
1217,multi_jet,268.55468749999994,2.6855468749999996
1218,multi_jet,268.55468749999994,2.6855468749999996
1219,multi_jet,268.55468749999994,2.6855468749999996
1220,multi_jet,268.55468749999994,2.6855468749999996
1221,multi_jet,268.55468749999994,2.6855468749999996
1222,multi_jet,268.55468749999994,2.6855468749999996
1223,multi_jet,268.55468749999994,2.6855468749999996
1224,multi_jet,268.55468749999994,2.6855468749999996
1225,multi_jet,268.55468749999994,2.6855468749999996
1226,multi_jet,268.55468749999994,2.6855468749999996
1227,multi_jet,268.55468749999994,2.6855468749999996
1228,multi_jet,268.55468749999994,2.6855468749999996
1229,multi_jet,268.55468749999994,2.6855468749999996
1230,multi_jet,268.55468749999994,2.6855468749999996
1231,multi_jet,268.55468749999994,2.6855468749999996
1232,multi_jet,268.55468749999994,2.6855468749999996
1233,multi_jet,268.55468749999994,2.6855468749999996
1234,multi_jet,268.55468749999994,2.6855468749999996
1235,multi_jet,268.55468749999994,2.6855468749999996
1236,multi_jet,268.55468749999994,2.6855468749999996
1237,multi_jet,268.55468749999994,2.6855468749999996
1238,multi_jet,268.55468749999994,2.6855468749999996
1239,multi_jet,268.55468749999994,2.6855468749999996
1240,multi_jet,268.55468749999994,2.6855468749999996
1241,multi_jet,268.55468749999994,2.6855468749999996
1242,multi_jet,268.55468749999994,2.6855468749999996
1243,multi_jet,268.55468749999994,2.6855468749999996
1244,multi_jet,268.55468749999994,2.6855468749999996
1245,multi_jet,268.55468749999994,2.6855468749999996
1246,multi_jet,268.55468749999994,2.6855468749999996
1247,multi_jet,268.55468749999994,2.6855468749999996
1248,multi_jet,268.55468749999994,2.6855468749999996
1249,multi_jet,268.55468749999994,2.6855468749999996
1250,multi_jet,268.55468749999994,2.6855468749999996
1251,multi_jet,268.55468749999994,2.6855468749999996
1252,multi_jet,268.55468749999994,2.6855468749999996
1253,multi_jet,268.55468749999994,2.6855468749999996
1254,multi_jet,268.55468749999994,2.6855468749999996
1255,multi_jet,268.55468749999994,2.6855468749999996
1256,multi_jet,268.55468749999994,2.6855468749999996
1257,multi_jet,268.55468749999994,2.6855468749999996
1258,multi_jet,268.55468749999994,2.6855468749999996
1259,multi_jet,268.55468749999994,2.6855468749999996
1260,multi_jet,268.55468749999994,2.6855468749999996
1261,multi_jet,268.55468749999994,2.6855468749999996
1262,multi_jet,268.55468749999994,2.6855468749999996
1263,multi_jet,268.55468749999994,2.6855468749999996
1264,multi_jet,244.14062499999997,2.4414062499999996
1265,multi_jet,268.55468749999994,2.6855468749999996
1266,multi_jet,268.55468749999994,2.6855468749999996
1267,multi_jet,268.55468749999994,2.6855468749999996
1268,multi_jet,268.55468749999994,2.6855468749999996
1269,multi_jet,268.55468749999994,2.6855468749999996
1270,multi_jet,268.55468749999994,2.6855468749999996
1271,multi_jet,268.55468749999994,2.6855468749999996
1272,multi_jet,268.55468749999994,2.6855468749999996
1273,multi_jet,268.55468749999994,2.6855468749999996
1274,multi_jet,268.55468749999994,2.6855468749999996
1275,multi_jet,268.55468749999994,2.6855468749999996
1276,multi_jet,268.55468749999994,2.6855468749999996
1277,multi_jet,268.55468749999994,2.6855468749999996
1278,multi_jet,268.55468749999994,2.6855468749999996
1279,multi_jet,268.55468749999994,2.6855468749999996
1280,multi_jet,268.55468749999994,2.6855468749999996
1281,multi_jet,268.55468749999994,2.6855468749999996
1282,multi_jet,268.55468749999994,2.6855468749999996
1283,multi_jet,268.55468749999994,2.6855468749999996
1284,multi_jet,268.55468749999994,2.6855468749999996
1285,multi_jet,268.55468749999994,2.6855468749999996
1286,multi_jet,268.55468749999994,2.6855468749999996
1287,multi_jet,268.55468749999994,2.6855468749999996
1288,multi_jet,268.55468749999994,2.6855468749999996
1289,multi_jet,268.55468749999994,2.6855468749999996
1290,multi_jet,268.55468749999994,2.6855468749999996
1291,multi_jet,268.55468749999994,2.6855468749999996
1292,multi_jet,268.55468749999994,2.6855468749999996
1293,multi_jet,268.55468749999994,2.6855468749999996
1294,multi_jet,268.55468749999994,2.6855468749999996
1295,multi_jet,268.55468749999994,2.6855468749999996
1296,multi_jet,268.55468749999994,2.6855468749999996
1297,multi_jet,268.55468749999994,2.6855468749999996
1298,multi_jet,268.55468749999994,2.6855468749999996
1299,multi_jet,268.55468749999994,2.6855468749999996
1300,multi_jet,268.55468749999994,2.6855468749999996
1301,multi_jet,268.55468749999994,2.6855468749999996
1302,multi_jet,268.55468749999994,2.6855468749999996
1303,multi_jet,268.55468749999994,2.6855468749999996
1304,multi_jet,268.55468749999994,2.6855468749999996
1305,multi_jet,268.55468749999994,2.6855468749999996
1306,multi_jet,268.55468749999994,2.6855468749999996
1307,multi_jet,268.55468749999994,2.6855468749999996
1308,multi_jet,268.55468749999994,2.6855468749999996
1309,multi_jet,268.55468749999994,2.6855468749999996
1310,multi_jet,268.55468749999994,2.6855468749999996
1311,multi_jet,268.55468749999994,2.6855468749999996
1312,multi_jet,268.55468749999994,2.6855468749999996
1313,multi_jet,268.55468749999994,2.6855468749999996
1314,multi_jet,268.55468749999994,2.6855468749999996
1315,multi_jet,268.55468749999994,2.6855468749999996
1316,multi_jet,268.55468749999994,2.6855468749999996
1317,multi_jet,268.55468749999994,2.6855468749999996
1318,multi_jet,268.55468749999994,2.6855468749999996
1319,multi_jet,268.55468749999994,2.6855468749999996
1320,multi_jet,268.55468749999994,2.6855468749999996
1321,multi_jet,268.55468749999994,2.6855468749999996
1322,multi_jet,268.55468749999994,2.6855468749999996
1323,multi_jet,268.55468749999994,2.6855468749999996
1324,multi_jet,268.55468749999994,2.6855468749999996
1325,multi_jet,268.55468749999994,2.6855468749999996
1326,multi_jet,268.55468749999994,2.6855468749999996
1327,multi_jet,268.55468749999994,2.6855468749999996
1328,multi_jet,268.55468749999994,2.6855468749999996
1329,multi_jet,268.55468749999994,2.6855468749999996
1330,multi_jet,268.55468749999994,2.6855468749999996
1331,multi_jet,268.55468749999994,2.6855468749999996
1332,multi_jet,268.55468749999994,2.6855468749999996
1333,multi_jet,268.55468749999994,2.6855468749999996
1334,multi_jet,268.55468749999994,2.6855468749999996
1335,multi_jet,268.55468749999994,2.6855468749999996
1336,multi_jet,268.55468749999994,2.6855468749999996
1337,multi_jet,268.55468749999994,2.6855468749999996
1338,multi_jet,268.55468749999994,2.6855468749999996
1339,multi_jet,268.55468749999994,2.6855468749999996
1340,multi_jet,268.55468749999994,2.6855468749999996
1341,multi_jet,268.55468749999994,2.6855468749999996
1342,multi_jet,268.55468749999994,2.6855468749999996
1343,multi_jet,268.55468749999994,2.6855468749999996
1344,multi_jet,268.55468749999994,2.6855468749999996
1345,multi_jet,268.55468749999994,2.6855468749999996
1346,multi_jet,268.55468749999994,2.6855468749999996
1347,multi_jet,268.55468749999994,2.6855468749999996
1348,multi_jet,268.55468749999994,2.6855468749999996
1349,multi_jet,268.55468749999994,2.6855468749999996
1350,multi_jet,268.55468749999994,2.6855468749999996
1351,multi_jet,268.55468749999994,2.6855468749999996
1352,multi_jet,268.55468749999994,2.6855468749999996
1353,multi_jet,268.55468749999994,2.6855468749999996
1354,multi_jet,268.55468749999994,2.6855468749999996
1355,multi_jet,268.55468749999994,2.6855468749999996
1356,multi_jet,268.55468749999994,2.6855468749999996
1357,multi_jet,268.55468749999994,2.6855468749999996
1358,multi_jet,268.55468749999994,2.6855468749999996
1359,multi_jet,268.55468749999994,2.6855468749999996
1360,multi_jet,268.55468749999994,2.6855468749999996
1361,multi_jet,268.55468749999994,2.6855468749999996
1362,multi_jet,268.55468749999994,2.6855468749999996
1363,multi_jet,268.55468749999994,2.6855468749999996
1364,multi_jet,268.55468749999994,2.6855468749999996
1365,multi_jet,268.55468749999994,2.6855468749999996
1366,multi_jet,268.55468749999994,2.6855468749999996
1367,multi_jet,268.55468749999994,2.6855468749999996
1368,multi_jet,268.55468749999994,2.6855468749999996
1369,multi_jet,268.55468749999994,2.6855468749999996
1370,multi_jet,268.55468749999994,2.6855468749999996
1371,multi_jet,268.55468749999994,2.6855468749999996
1372,multi_jet,244.14062499999997,2.4414062499999996
1373,multi_jet,268.55468749999994,2.6855468749999996
1374,multi_jet,268.55468749999994,2.6855468749999996
1375,multi_jet,268.55468749999994,2.6855468749999996
1376,multi_jet,268.55468749999994,2.6855468749999996
1377,multi_jet,244.14062499999997,2.4414062499999996
1378,multi_jet,268.55468749999994,2.6855468749999996
1379,multi_jet,268.55468749999994,2.6855468749999996
1380,multi_jet,268.55468749999994,2.6855468749999996
1381,multi_jet,268.55468749999994,2.6855468749999996
1382,multi_jet,268.55468749999994,2.6855468749999996
1383,multi_jet,268.55468749999994,2.6855468749999996
1384,multi_jet,268.55468749999994,2.6855468749999996
1385,multi_jet,268.55468749999994,2.6855468749999996
1386,multi_jet,268.55468749999994,2.6855468749999996
1387,multi_jet,268.55468749999994,2.6855468749999996
1388,multi_jet,268.55468749999994,2.6855468749999996
1389,multi_jet,268.55468749999994,2.6855468749999996
1390,multi_jet,268.55468749999994,2.6855468749999996
1391,multi_jet,268.55468749999994,2.6855468749999996
1392,multi_jet,268.55468749999994,2.6855468749999996
1393,multi_jet,268.55468749999994,2.6855468749999996
1394,multi_jet,268.55468749999994,2.6855468749999996
1395,multi_jet,268.55468749999994,2.6855468749999996
1396,multi_jet,268.55468749999994,2.6855468749999996
1397,multi_jet,268.55468749999994,2.6855468749999996
1398,multi_jet,244.14062499999997,2.4414062499999996
1399,multi_jet,268.55468749999994,2.6855468749999996
1400,multi_jet,268.55468749999994,2.6855468749999996
1401,multi_jet,268.55468749999994,2.6855468749999996
1402,multi_jet,268.55468749999994,2.6855468749999996
1403,multi_jet,268.55468749999994,2.6855468749999996
1404,multi_jet,268.55468749999994,2.6855468749999996
1405,multi_jet,268.55468749999994,2.6855468749999996
1406,multi_jet,268.55468749999994,2.6855468749999996
1407,multi_jet,268.55468749999994,2.6855468749999996
1408,multi_jet,268.55468749999994,2.6855468749999996
1409,multi_jet,268.55468749999994,2.6855468749999996
1410,multi_jet,268.55468749999994,2.6855468749999996
1411,multi_jet,268.55468749999994,2.6855468749999996
1412,multi_jet,268.55468749999994,2.6855468749999996
1413,multi_jet,268.55468749999994,2.6855468749999996
1414,multi_jet,268.55468749999994,2.6855468749999996
1415,multi_jet,268.55468749999994,2.6855468749999996
1416,multi_jet,268.55468749999994,2.6855468749999996
1417,multi_jet,268.55468749999994,2.6855468749999996
1418,multi_jet,268.55468749999994,2.6855468749999996
1419,multi_jet,268.55468749999994,2.6855468749999996
1420,multi_jet,268.55468749999994,2.6855468749999996
1421,multi_jet,268.55468749999994,2.6855468749999996
1422,multi_jet,268.55468749999994,2.6855468749999996
1423,multi_jet,268.55468749999994,2.6855468749999996
1424,multi_jet,268.55468749999994,2.6855468749999996
1425,multi_jet,268.55468749999994,2.6855468749999996
1426,multi_jet,268.55468749999994,2.6855468749999996
1427,multi_jet,268.55468749999994,2.6855468749999996
1428,multi_jet,244.14062499999997,2.4414062499999996
1429,multi_jet,268.55468749999994,2.6855468749999996
1430,multi_jet,268.55468749999994,2.6855468749999996
1431,multi_jet,268.55468749999994,2.6855468749999996
1432,multi_jet,268.55468749999994,2.6855468749999996
1433,multi_jet,268.55468749999994,2.6855468749999996
1434,multi_jet,268.55468749999994,2.6855468749999996
1435,multi_jet,268.55468749999994,2.6855468749999996
1436,multi_jet,268.55468749999994,2.6855468749999996
1437,multi_jet,268.55468749999994,2.6855468749999996
1438,multi_jet,268.55468749999994,2.6855468749999996
1439,multi_jet,268.55468749999994,2.6855468749999996
1440,multi_jet,268.55468749999994,2.6855468749999996
1441,multi_jet,268.55468749999994,2.6855468749999996
1442,multi_jet,268.55468749999994,2.6855468749999996
1443,multi_jet,268.55468749999994,2.6855468749999996
1444,multi_jet,268.55468749999994,2.6855468749999996
1445,multi_jet,268.55468749999994,2.6855468749999996
1446,multi_jet,268.55468749999994,2.6855468749999996
1447,multi_jet,268.55468749999994,2.6855468749999996
1448,multi_jet,268.55468749999994,2.6855468749999996
1449,multi_jet,268.55468749999994,2.6855468749999996
1450,multi_jet,268.55468749999994,2.6855468749999996
1451,multi_jet,268.55468749999994,2.6855468749999996
1452,multi_jet,268.55468749999994,2.6855468749999996
1453,multi_jet,268.55468749999994,2.6855468749999996
1454,multi_jet,268.55468749999994,2.6855468749999996
1455,multi_jet,268.55468749999994,2.6855468749999996
1456,multi_jet,268.55468749999994,2.6855468749999996
1457,multi_jet,268.55468749999994,2.6855468749999996
1458,multi_jet,268.55468749999994,2.6855468749999996
1459,multi_jet,268.55468749999994,2.6855468749999996
1460,multi_jet,268.55468749999994,2.6855468749999996
1461,multi_jet,268.55468749999994,2.6855468749999996
1462,multi_jet,268.55468749999994,2.6855468749999996
1463,multi_jet,268.55468749999994,2.6855468749999996
1464,multi_jet,268.55468749999994,2.6855468749999996
1465,multi_jet,268.55468749999994,2.6855468749999996
1466,multi_jet,268.55468749999994,2.6855468749999996
1467,multi_jet,268.55468749999994,2.6855468749999996
1468,multi_jet,268.55468749999994,2.6855468749999996
1469,multi_jet,268.55468749999994,2.6855468749999996
1470,multi_jet,244.14062499999997,2.4414062499999996
1471,multi_jet,268.55468749999994,2.6855468749999996
1472,multi_jet,268.55468749999994,2.6855468749999996
1473,multi_jet,268.55468749999994,2.6855468749999996
1474,multi_jet,268.55468749999994,2.6855468749999996
1475,multi_jet,268.55468749999994,2.6855468749999996
1476,multi_jet,268.55468749999994,2.6855468749999996
1477,multi_jet,268.55468749999994,2.6855468749999996
1478,multi_jet,268.55468749999994,2.6855468749999996
1479,multi_jet,268.55468749999994,2.6855468749999996
1480,multi_jet,268.55468749999994,2.6855468749999996
1481,multi_jet,268.55468749999994,2.6855468749999996
1482,multi_jet,268.55468749999994,2.6855468749999996
1483,multi_jet,268.55468749999994,2.6855468749999996
1484,multi_jet,268.55468749999994,2.6855468749999996
1485,multi_jet,268.55468749999994,2.6855468749999996
1486,multi_jet,268.55468749999994,2.6855468749999996
1487,multi_jet,268.55468749999994,2.6855468749999996
1488,multi_jet,268.55468749999994,2.6855468749999996
1489,multi_jet,268.55468749999994,2.6855468749999996
1490,multi_jet,268.55468749999994,2.6855468749999996
1491,multi_jet,268.55468749999994,2.6855468749999996
1492,multi_jet,268.55468749999994,2.6855468749999996
1493,multi_jet,268.55468749999994,2.6855468749999996
1494,multi_jet,268.55468749999994,2.6855468749999996
1495,multi_jet,268.55468749999994,2.6855468749999996
1496,multi_jet,268.55468749999994,2.6855468749999996
1497,multi_jet,268.55468749999994,2.6855468749999996
1498,multi_jet,268.55468749999994,2.6855468749999996
1499,multi_jet,268.55468749999994,2.6855468749999996
1500,multi_jet,268.55468749999994,2.6855468749999996
1501,multi_jet,268.55468749999994,2.6855468749999996
1502,multi_jet,268.55468749999994,2.6855468749999996
1503,multi_jet,268.55468749999994,2.6855468749999996
1504,multi_jet,268.55468749999994,2.6855468749999996
1505,multi_jet,268.55468749999994,2.6855468749999996
1506,multi_jet,268.55468749999994,2.6855468749999996
1507,multi_jet,268.55468749999994,2.6855468749999996
1508,multi_jet,268.55468749999994,2.6855468749999996
1509,multi_jet,268.55468749999994,2.6855468749999996
1510,multi_jet,268.55468749999994,2.6855468749999996
1511,multi_jet,268.55468749999994,2.6855468749999996
1512,multi_jet,268.55468749999994,2.6855468749999996
1513,multi_jet,268.55468749999994,2.6855468749999996
1514,multi_jet,268.55468749999994,2.6855468749999996
1515,multi_jet,268.55468749999994,2.6855468749999996
1516,multi_jet,268.55468749999994,2.6855468749999996
1517,multi_jet,268.55468749999994,2.6855468749999996
1518,multi_jet,268.55468749999994,2.6855468749999996
1519,multi_jet,268.55468749999994,2.6855468749999996
1520,multi_jet,268.55468749999994,2.6855468749999996
1521,multi_jet,268.55468749999994,2.6855468749999996
1522,multi_jet,268.55468749999994,2.6855468749999996
1523,multi_jet,268.55468749999994,2.6855468749999996
1524,multi_jet,268.55468749999994,2.6855468749999996
1525,multi_jet,244.14062499999997,2.4414062499999996
1526,multi_jet,268.55468749999994,2.6855468749999996
1527,multi_jet,268.55468749999994,2.6855468749999996
1528,multi_jet,268.55468749999994,2.6855468749999996
1529,multi_jet,268.55468749999994,2.6855468749999996
1530,multi_jet,268.55468749999994,2.6855468749999996
1531,multi_jet,268.55468749999994,2.6855468749999996
1532,multi_jet,268.55468749999994,2.6855468749999996
1533,multi_jet,268.55468749999994,2.6855468749999996
1534,multi_jet,268.55468749999994,2.6855468749999996
1535,multi_jet,268.55468749999994,2.6855468749999996
1536,multi_jet,268.55468749999994,2.6855468749999996
1537,multi_jet,268.55468749999994,2.6855468749999996
1538,multi_jet,268.55468749999994,2.6855468749999996
1539,multi_jet,268.55468749999994,2.6855468749999996
1540,multi_jet,268.55468749999994,2.6855468749999996
1541,multi_jet,268.55468749999994,2.6855468749999996
1542,multi_jet,268.55468749999994,2.6855468749999996
1543,multi_jet,268.55468749999994,2.6855468749999996
1544,multi_jet,268.55468749999994,2.6855468749999996
1545,multi_jet,268.55468749999994,2.6855468749999996
1546,multi_jet,268.55468749999994,2.6855468749999996
1547,multi_jet,268.55468749999994,2.6855468749999996
1548,multi_jet,268.55468749999994,2.6855468749999996
1549,multi_jet,244.14062499999997,2.4414062499999996
1550,multi_jet,268.55468749999994,2.6855468749999996
1551,multi_jet,268.55468749999994,2.6855468749999996
1552,multi_jet,268.55468749999994,2.6855468749999996
1553,multi_jet,268.55468749999994,2.6855468749999996
1554,multi_jet,268.55468749999994,2.6855468749999996
1555,multi_jet,268.55468749999994,2.6855468749999996
1556,multi_jet,268.55468749999994,2.6855468749999996
1557,multi_jet,268.55468749999994,2.6855468749999996
1558,multi_jet,268.55468749999994,2.6855468749999996
1559,multi_jet,268.55468749999994,2.6855468749999996
1560,multi_jet,268.55468749999994,2.6855468749999996
1561,multi_jet,268.55468749999994,2.6855468749999996
1562,multi_jet,268.55468749999994,2.6855468749999996
1563,multi_jet,268.55468749999994,2.6855468749999996
1564,multi_jet,268.55468749999994,2.6855468749999996
1565,multi_jet,268.55468749999994,2.6855468749999996
1566,multi_jet,268.55468749999994,2.6855468749999996
1567,multi_jet,268.55468749999994,2.6855468749999996
1568,multi_jet,268.55468749999994,2.6855468749999996
1569,multi_jet,268.55468749999994,2.6855468749999996
1570,multi_jet,268.55468749999994,2.6855468749999996
1571,multi_jet,268.55468749999994,2.6855468749999996
1572,multi_jet,268.55468749999994,2.6855468749999996
1573,multi_jet,268.55468749999994,2.6855468749999996
1574,multi_jet,268.55468749999994,2.6855468749999996
1575,multi_jet,268.55468749999994,2.6855468749999996
1576,multi_jet,268.55468749999994,2.6855468749999996
1577,multi_jet,268.55468749999994,2.6855468749999996
1578,multi_jet,268.55468749999994,2.6855468749999996
1579,multi_jet,268.55468749999994,2.6855468749999996
1580,multi_jet,268.55468749999994,2.6855468749999996
1581,multi_jet,268.55468749999994,2.6855468749999996
1582,multi_jet,268.55468749999994,2.6855468749999996
1583,multi_jet,268.55468749999994,2.6855468749999996
1584,multi_jet,268.55468749999994,2.6855468749999996
1585,multi_jet,268.55468749999994,2.6855468749999996
1586,multi_jet,268.55468749999994,2.6855468749999996
1587,multi_jet,268.55468749999994,2.6855468749999996
1588,multi_jet,268.55468749999994,2.6855468749999996
1589,multi_jet,268.55468749999994,2.6855468749999996
1590,multi_jet,268.55468749999994,2.6855468749999996
1591,multi_jet,268.55468749999994,2.6855468749999996
1592,multi_jet,268.55468749999994,2.6855468749999996
1593,multi_jet,268.55468749999994,2.6855468749999996
1594,multi_jet,268.55468749999994,2.6855468749999996
1595,multi_jet,268.55468749999994,2.6855468749999996
1596,multi_jet,268.55468749999994,2.6855468749999996
1597,multi_jet,268.55468749999994,2.6855468749999996
1598,multi_jet,268.55468749999994,2.6855468749999996
1599,multi_jet,268.55468749999994,2.6855468749999996
1600,multi_jet,268.55468749999994,2.6855468749999996
1601,multi_jet,268.55468749999994,2.6855468749999996
1602,multi_jet,268.55468749999994,2.6855468749999996
1603,multi_jet,268.55468749999994,2.6855468749999996
1604,multi_jet,268.55468749999994,2.6855468749999996
1605,multi_jet,268.55468749999994,2.6855468749999996
1606,multi_jet,268.55468749999994,2.6855468749999996
1607,multi_jet,268.55468749999994,2.6855468749999996
1608,multi_jet,268.55468749999994,2.6855468749999996
1609,multi_jet,268.55468749999994,2.6855468749999996
